"gender","age","daily_meals","physical_activity","height_cm","weight_kg","bmr","carbs","actual_protein","fats","actual_calories","activity_factor","ideal_calories","ideal_protein","calorie_gap","protein_gap"
"male","29","3","0","165","101.0","1901.25","285.19","114.08","76.05","2281.5","1.2","2281.5","80.8","0.0","33.28"
"female","25","3","4","165","53.0","1275.25","302.87","121.15","80.77","2422.98","1.9","2422.98","42.4","0.0","78.75"
"male","23","2","0","170","70.0","1652.5","247.88","99.15","66.1","1983.0","1.2","1983.0","56.0","0.0","43.15"
"male","22","3","0","168","112.0","2065.0","309.75","123.9","82.6","2478.0","1.2","2478.0","89.6","0.0","34.3"
"male","19","3","2","175","67.0","1673.75","324.29","129.72","86.48","2594.31","1.55","2594.31","53.6","0.0","76.12"
"male","24","2","0","165","70.0","1616.25","242.44","96.98","64.65","1939.5","1.2","1939.5","56.0","0.0","40.98"
"male","30","3","0","155","90.0","1723.75","258.56","103.42","68.95","2068.5","1.2","2068.5","72.0","0.0","31.42"
"male","16","4","0","157","73.0","1636.25","245.44","98.18","65.45","1963.5","1.2","1963.5","58.4","0.0","39.78"
"male","23","4","0","183","110.0","2133.75","320.06","128.02","85.35","2560.5","1.2","2560.5","88.0","0.0","40.02"
"male","23","3","0","168","49.0","1430.0","214.5","85.8","57.2","1716.0","1.2","1716.0","39.2","0.0","46.6"
"male","32","2","0","165","46.0","1336.25","200.44","80.18","53.45","1603.5","1.2","1603.5","36.8","0.0","43.38"
"male","18","2","1","180","110.0","2140.0","367.81","147.12","98.08","2942.5","1.38","2953.2","88.0","-10.7","59.12"
"female","22","3","0","155","43.0","1127.75","169.16","67.67","45.11","1353.3","1.2","1353.3","34.4","0.0","33.27"
"male","25","3","3","173","69.0","1651.25","356.05","142.42","94.95","2848.41","1.73","2856.66","55.2","-8.25","87.22"
"male","26","3","0","168","52.0","1445.0","216.75","86.7","57.8","1734.0","1.2","1734.0","41.6","0.0","45.1"
"male","22","2","0","165","75.0","1676.25","251.44","100.58","67.05","2011.5","1.2","2011.5","60.0","0.0","40.58"
"male","20","3","0","170","60.0","1567.5","235.12","94.05","62.7","1881.0","1.2","1881.0","48.0","0.0","46.05"
"male","24","2","0","170","90.0","1847.5","277.12","110.85","73.9","2217.0","1.2","2217.0","72.0","0.0","38.85"
"female","44","4","0","165","92.0","1570.25","235.54","94.22","62.81","1884.3","1.2","1884.3","73.6","0.0","20.62"
"male","21","2","1","168","90.0","1850.0","317.97","127.19","84.79","2543.76","1.38","2553.0","72.0","-9.24","55.19"
"male","34","3","0","155","88.0","1683.75","252.56","101.02","67.35","2020.5","1.2","2020.5","70.4","0.0","30.62"
"male","20","3","0","163","49.0","1413.75","212.06","84.82","56.55","1696.5","1.2","1696.5","39.2","0.0","45.62"
"male","36","3","0","155","120.0","1993.75","299.06","119.62","79.75","2392.5","1.2","2392.5","96.0","0.0","23.62"
"female","28","2","0","157","75.0","1430.25","214.54","85.82","57.21","1716.3","1.2","1716.3","60.0","0.0","25.82"
"male","21","3","2","168","65.0","1600.0","310.0","124.0","82.67","2480.0","1.55","2480.0","52.0","0.0","72.0"
"male","22","2","0","168","105.0","1995.0","299.25","119.7","79.8","2394.0","1.2","2394.0","84.0","0.0","35.7"
"female","22","3","0","163","61.0","1357.75","203.66","81.46","54.31","1629.3","1.2","1629.3","48.8","0.0","32.66"
"male","24","4","1","173","61.0","1576.25","270.92","108.37","72.24","2167.34","1.38","2175.23","48.8","-7.89","59.57"
"male","24","2","0","168","77.0","1705.0","255.75","102.3","68.2","2046.0","1.2","2046.0","61.6","0.0","40.7"
"female","52","3","0","160","78.0","1359.0","203.85","81.54","54.36","1630.8","1.2","1630.8","62.4","0.0","19.14"
"male","21","4","4","180","64.0","1665.0","395.44","158.18","105.45","3163.5","1.9","3163.5","51.2","0.0","106.98"
"male","51","3","0","170","51.0","1322.5","198.38","79.35","52.9","1587.0","1.2","1587.0","40.8","0.0","38.55"
"male","30","2","1","168","91.0","1815.0","311.95","124.78","83.19","2495.63","1.38","2504.7","72.8","-9.07","51.98"
"male","21","3","0","160","45.0","1350.0","202.5","81.0","54.0","1620.0","1.2","1620.0","36.0","0.0","45.0"
"male","26","2","0","163","47.0","1363.75","204.56","81.82","54.55","1636.5","1.2","1636.5","37.6","0.0","44.22"
"male","24","3","0","163","107.0","1973.75","296.06","118.42","78.95","2368.5","1.2","2368.5","85.6","0.0","32.82"
"male","22","3","0","165","110.0","2026.25","303.94","121.58","81.05","2431.5","1.2","2431.5","88.0","0.0","33.58"
"female","29","2","1","163","82.0","1532.75","263.44","105.38","70.25","2107.53","1.38","2115.19","65.6","-7.66","39.78"
"male","21","3","0","168","67.0","1620.0","243.0","97.2","64.8","1944.0","1.2","1944.0","53.6","0.0","43.6"
"male","22","3","0","173","80.0","1776.25","266.44","106.58","71.05","2131.5","1.2","2131.5","64.0","0.0","42.58"
"female","32","3","0","142","96.0","1526.5","228.98","91.59","61.06","1831.8","1.2","1831.8","76.8","0.0","14.79"
"female","37","2","0","155","78.0","1402.75","210.41","84.16","56.11","1683.3","1.2","1683.3","62.4","0.0","21.76"
"male","25","3","0","160","104.0","1920.0","288.0","115.2","76.8","2304.0","1.2","2304.0","83.2","0.0","32.0"
"female","24","2","0","165","61.0","1360.25","204.04","81.61","54.41","1632.3","1.2","1632.3","48.8","0.0","32.81"
"male","35","3","0","163","62.0","1468.75","220.31","88.12","58.75","1762.5","1.2","1762.5","49.6","0.0","38.52"
"female","29","3","0","152","98.0","1624.0","243.6","97.44","64.96","1948.8","1.2","1948.8","78.4","0.0","19.04"
"male","26","2","1","173","96.0","1916.25","329.36","131.74","87.83","2634.84","1.38","2644.42","76.8","-9.58","54.94"
"male","26","3","0","170","94.0","1877.5","281.62","112.65","75.1","2253.0","1.2","2253.0","75.2","0.0","37.45"
"female","34","2","0","152","58.0","1199.0","179.85","71.94","47.96","1438.8","1.2","1438.8","46.4","0.0","25.54"
"male","28","3","0","170","109.0","2017.5","302.62","121.05","80.7","2421.0","1.2","2421.0","87.2","0.0","33.85"
"female","27","3","0","157","77.0","1455.25","218.29","87.32","58.21","1746.3","1.2","1746.3","61.6","0.0","25.72"
"female","21","2","0","163","92.0","1672.75","250.91","100.36","66.91","2007.3","1.2","2007.3","73.6","0.0","26.76"
"male","44","3","0","157","55.0","1316.25","197.44","78.97","52.65","1579.5","1.2","1579.5","44.0","0.0","34.97"
"female","22","4","0","157","58.0","1290.25","193.54","77.42","51.61","1548.3","1.2","1548.3","46.4","0.0","31.02"
"female","35","3","0","160","80.0","1464.0","219.6","87.84","58.56","1756.8","1.2","1756.8","64.0","0.0","23.84"
"female","24","3","0","168","103.0","1799.0","269.85","107.94","71.96","2158.8","1.2","2158.8","82.4","0.0","25.54"
"female","40","3","0","142","82.0","1346.5","201.98","80.79","53.86","1615.8","1.2","1615.8","65.6","0.0","15.19"
"female","21","4","0","142","80.0","1421.5","213.22","85.29","56.86","1705.8","1.2","1705.8","64.0","0.0","21.29"
"female","22","2","0","157","48.0","1190.25","178.54","71.42","47.61","1428.3","1.2","1428.3","38.4","0.0","33.02"
"female","22","2","0","155","45.0","1147.75","172.16","68.86","45.91","1377.3","1.2","1377.3","36.0","0.0","32.86"
"female","23","3","1","168","65.0","1424.0","244.75","97.9","65.27","1958.0","1.38","1965.12","52.0","-7.12","45.9"
"female","21","4","1","157","50.0","1215.25","208.87","83.55","55.7","1670.97","1.38","1677.04","40.0","-6.07","43.55"
"male","23","4","4","170","77.0","1722.5","409.09","163.64","109.09","3272.76","1.9","3272.75","61.6","0.01","102.04"
"male","23","4","1","168","85.0","1790.0","307.66","123.06","82.04","2461.25","1.38","2470.2","68.0","-8.95","55.06"
"male","21","3","3","170","60.0","1562.5","336.91","134.77","89.84","2695.32","1.73","2703.13","48.0","-7.81","86.77"
"female","20","3","0","160","65.0","1389.0","208.35","83.34","55.56","1666.8","1.2","1666.8","52.0","0.0","31.34"
"male","22","3","0","165","40.0","1326.25","198.94","79.58","53.05","1591.5","1.2","1591.5","32.0","0.0","47.58"
"male","30","4","0","165","103.0","1916.25","287.44","114.98","76.65","2299.5","1.2","2299.5","82.4","0.0","32.58"
"female","20","3","0","165","46.0","1230.25","184.54","73.82","49.21","1476.3","1.2","1476.3","36.8","0.0","37.02"
"female","30","3","0","152","99.0","1629.0","244.35","97.74","65.16","1954.8","1.2","1954.8","79.2","0.0","18.54"
"male","36","3","0","168","51.0","1385.0","207.75","83.1","55.4","1662.0","1.2","1662.0","40.8","0.0","42.3"
"male","23","2","0","160","41.0","1300.0","195.0","78.0","52.0","1560.0","1.2","1560.0","32.8","0.0","45.2"
"male","19","3","0","155","99.0","1868.75","280.31","112.12","74.75","2242.5","1.2","2242.5","79.2","0.0","32.92"
"male","25","3","0","157","113.0","1991.25","298.69","119.48","79.65","2389.5","1.2","2389.5","90.4","0.0","29.08"
"male","22","4","0","175","81.0","1798.75","269.81","107.92","71.95","2158.5","1.2","2158.5","64.8","0.0","43.12"
"male","41","3","0","163","101.0","1828.75","274.31","109.72","73.15","2194.5","1.2","2194.5","80.8","0.0","28.92"
"male","32","3","0","168","117.0","2065.0","309.75","123.9","82.6","2478.0","1.2","2478.0","93.6","0.0","30.3"
"male","21","3","0","168","55.0","1500.0","225.0","90.0","60.0","1800.0","1.2","1800.0","44.0","0.0","46.0"
"female","36","3","0","160","44.0","1099.0","164.85","65.94","43.96","1318.8","1.2","1318.8","35.2","0.0","30.74"
"male","19","2","0","160","44.0","1350.0","202.5","81.0","54.0","1620.0","1.2","1620.0","35.2","0.0","45.8"
"male","32","4","0","173","106.0","1986.25","297.94","119.18","79.45","2383.5","1.2","2383.5","84.8","0.0","34.38"
"female","18","3","0","145","69.0","1345.25","201.79","80.72","53.81","1614.3","1.2","1614.3","55.2","0.0","25.52"
"female","19","2","1","157","54.0","1265.25","217.46","86.99","57.99","1739.72","1.38","1746.04","43.2","-6.32","43.79"
"male","18","2","1","163","71.0","1643.75","282.52","113.01","75.34","2260.16","1.38","2268.38","56.8","-8.22","56.21"
"male","23","3","0","165","53.0","1451.25","217.69","87.08","58.05","1741.5","1.2","1741.5","42.4","0.0","44.68"
"female","21","4","0","160","97.0","1704.0","255.6","102.24","68.16","2044.8","1.2","2044.8","77.6","0.0","24.64"
"female","22","4","0","140","72.0","1324.0","198.6","79.44","52.96","1588.8","1.2","1588.8","57.6","0.0","21.84"
"female","31","2","0","157","78.0","1445.25","216.79","86.72","57.81","1734.3","1.2","1734.3","62.4","0.0","24.32"
"female","20","3","3","160","38.0","1119.0","241.28","96.51","64.34","1930.27","1.73","1935.87","30.4","-5.6","66.11"
"male","23","3","0","168","105.0","1990.0","298.5","119.4","79.6","2388.0","1.2","2388.0","84.0","0.0","35.4"
"female","22","4","0","163","55.0","1297.75","194.66","77.86","51.91","1557.3","1.2","1557.3","44.0","0.0","33.86"
"male","21","3","4","168","58.0","1530.0","363.38","145.35","96.9","2907.0","1.9","2907.0","46.4","0.0","98.95"
"male","16","3","2","173","58.0","1586.25","307.34","122.93","81.96","2458.68","1.55","2458.69","46.4","-0.01","76.53"
"male","25","2","0","178","100.0","1992.5","298.88","119.55","79.7","2391.0","1.2","2391.0","80.0","0.0","39.55"
"female","37","3","0","145","97.0","1530.25","229.54","91.82","61.21","1836.3","1.2","1836.3","77.6","0.0","14.22"
"male","22","3","1","165","63.0","1556.25","267.48","106.99","71.33","2139.84","1.38","2147.63","50.4","-7.79","56.59"
"female","25","3","0","160","45.0","1164.0","174.6","69.84","46.56","1396.8","1.2","1396.8","36.0","0.0","33.84"
"female","35","3","0","163","80.0","1482.75","222.41","88.96","59.31","1779.3","1.2","1779.3","64.0","0.0","24.96"
"female","30","3","0","142","100.0","1576.5","236.48","94.59","63.06","1891.8","1.2","1891.8","80.0","0.0","14.59"
"male","28","3","0","173","54.0","1486.25","222.94","89.18","59.45","1783.5","1.2","1783.5","43.2","0.0","45.98"
"female","20","2","0","145","72.0","1365.25","204.79","81.92","54.61","1638.3","1.2","1638.3","57.6","0.0","24.32"
"female","58","2","0","142","70.0","1136.5","170.48","68.19","45.46","1363.8","1.2","1363.8","56.0","0.0","12.19"
"female","21","2","0","168","67.0","1454.0","218.1","87.24","58.16","1744.8","1.2","1744.8","53.6","0.0","33.64"
"female","22","3","0","155","50.0","1197.75","179.66","71.86","47.91","1437.3","1.2","1437.3","40.0","0.0","31.86"
"female","21","2","0","165","85.0","1615.25","242.29","96.92","64.61","1938.3","1.2","1938.3","68.0","0.0","28.92"
"male","20","3","0","170","50.0","1467.5","220.12","88.05","58.7","1761.0","1.2","1761.0","40.0","0.0","48.05"
"female","26","2","2","155","72.0","1397.75","270.81","108.33","72.22","2166.51","1.55","2166.51","57.6","0.0","50.73"
"male","37","2","1","163","68.0","1518.75","261.04","104.41","69.61","2088.28","1.38","2095.88","54.4","-7.6","50.01"
"female","41","3","0","157","107.0","1685.25","252.79","101.12","67.41","2022.3","1.2","2022.3","85.6","0.0","15.52"
"female","46","3","1","160","47.0","1079.0","185.45","74.18","49.45","1483.62","1.38","1489.02","37.6","-5.4","36.58"
"female","35","3","0","140","100.0","1539.0","230.85","92.34","61.56","1846.8","1.2","1846.8","80.0","0.0","12.34"
"female","25","3","0","160","85.0","1564.0","234.6","93.84","62.56","1876.8","1.2","1876.8","68.0","0.0","25.84"
"male","25","3","1","178","97.0","1962.5","337.3","134.92","89.95","2698.44","1.38","2708.25","77.6","-9.81","57.32"
"male","22","3","0","165","45.0","1376.25","206.44","82.58","55.05","1651.5","1.2","1651.5","36.0","0.0","46.58"
"male","26","3","0","173","52.0","1476.25","221.44","88.58","59.05","1771.5","1.2","1771.5","41.6","0.0","46.98"
"male","24","2","4","160","70.0","1585.0","376.44","150.57","100.38","3011.5","1.9","3011.5","56.0","0.0","94.57"
"female","18","3","0","165","50.0","1280.25","192.04","76.82","51.21","1536.3","1.2","1536.3","40.0","0.0","36.82"
"female","18","2","0","168","55.0","1349.0","202.35","80.94","53.96","1618.8","1.2","1618.8","44.0","0.0","36.94"
"male","23","3","0","173","91.0","1881.25","282.19","112.88","75.25","2257.5","1.2","2257.5","72.8","0.0","40.08"
"female","26","3","0","157","99.0","1680.25","252.04","100.82","67.21","2016.3","1.2","2016.3","79.2","0.0","21.62"
"female","40","3","0","160","40.0","1039.0","155.85","62.34","41.56","1246.8","1.2","1246.8","32.0","0.0","30.34"
"female","25","2","3","152","64.0","1304.0","281.18","112.47","74.98","2249.4","1.73","2255.92","51.2","-6.52","61.27"
"male","35","4","0","168","109.0","1970.0","295.5","118.2","78.8","2364.0","1.2","2364.0","87.2","0.0","31.0"
"male","22","2","0","170","61.0","1567.5","235.12","94.05","62.7","1881.0","1.2","1881.0","48.8","0.0","45.25"
"female","22","4","0","170","90.0","1691.5","253.72","101.49","67.66","2029.8","1.2","2029.8","72.0","0.0","29.49"
"male","34","3","0","163","112.0","1973.75","296.06","118.42","78.95","2368.5","1.2","2368.5","89.6","0.0","28.82"
"male","25","4","0","178","90.0","1892.5","283.88","113.55","75.7","2271.0","1.2","2271.0","72.0","0.0","41.55"
"male","25","2","0","170","78.0","1722.5","258.38","103.35","68.9","2067.0","1.2","2067.0","62.4","0.0","40.95"
"female","25","2","0","157","48.0","1175.25","176.29","70.52","47.01","1410.3","1.2","1410.3","38.4","0.0","32.12"
"male","24","4","1","170","70.0","1647.5","283.16","113.27","75.51","2265.31","1.38","2273.55","56.0","-8.24","57.27"
"female","41","4","0","155","88.0","1482.75","222.41","88.96","59.31","1779.3","1.2","1779.3","70.4","0.0","18.56"
"female","39","2","0","155","76.0","1372.75","205.91","82.36","54.91","1647.3","1.2","1647.3","60.8","0.0","21.56"
"male","18","3","0","152","93.0","1795.0","269.25","107.7","71.8","2154.0","1.2","2154.0","74.4","0.0","33.3"
"male","23","4","4","173","86.0","1831.25","434.92","173.97","115.98","3479.38","1.9","3479.38","68.8","0.0","105.17"
"female","23","3","0","163","67.0","1412.75","211.91","84.76","56.51","1695.3","1.2","1695.3","53.6","0.0","31.16"
"male","26","2","0","165","89.0","1796.25","269.44","107.78","71.85","2155.5","1.2","2155.5","71.2","0.0","36.58"
"male","17","2","0","163","95.0","1888.75","283.31","113.32","75.55","2266.5","1.2","2266.5","76.0","0.0","37.32"
"male","22","3","0","168","113.0","2075.0","311.25","124.5","83.0","2490.0","1.2","2490.0","90.4","0.0","34.1"
"male","25","2","0","163","44.0","1338.75","200.81","80.32","53.55","1606.5","1.2","1606.5","35.2","0.0","45.12"
"male","26","3","1","170","88.0","1817.5","312.38","124.95","83.3","2499.06","1.38","2508.15","70.4","-9.09","54.55"
"female","22","3","0","140","48.0","1084.0","162.6","65.04","43.36","1300.8","1.2","1300.8","38.4","0.0","26.64"
"female","25","2","0","157","75.0","1445.25","216.79","86.72","57.81","1734.3","1.2","1734.3","60.0","0.0","26.72"
"female","20","3","0","157","76.0","1480.25","222.04","88.82","59.21","1776.3","1.2","1776.3","60.8","0.0","28.02"
"male","22","3","0","157","115.0","2026.25","303.94","121.58","81.05","2431.5","1.2","2431.5","92.0","0.0","29.58"
"male","23","3","3","178","92.0","1922.5","414.54","165.82","110.54","3316.32","1.73","3325.93","73.6","-9.61","92.22"
"female","32","3","0","163","46.0","1157.75","173.66","69.46","46.31","1389.3","1.2","1389.3","36.8","0.0","32.66"
"male","21","3","3","173","60.0","1581.25","340.96","136.38","90.92","2727.66","1.73","2735.56","48.0","-7.9","88.38"
"male","25","3","0","165","46.0","1371.25","205.69","82.28","54.85","1645.5","1.2","1645.5","36.8","0.0","45.48"
"male","25","3","0","170","52.0","1462.5","219.38","87.75","58.5","1755.0","1.2","1755.0","41.6","0.0","46.15"
"male","23","4","1","170","72.0","1672.5","287.46","114.98","76.66","2299.68","1.38","2308.05","57.6","-8.37","57.38"
"female","23","2","0","160","67.0","1394.0","209.1","83.64","55.76","1672.8","1.2","1672.8","53.6","0.0","30.04"
"male","23","2","1","170","71.0","1662.5","285.74","114.3","76.2","2285.94","1.38","2294.25","56.8","-8.31","57.5"
"male","23","3","0","173","54.0","1511.25","226.69","90.68","60.45","1813.5","1.2","1813.5","43.2","0.0","47.48"
"male","22","3","0","170","65.0","1607.5","241.12","96.45","64.3","1929.0","1.2","1929.0","52.0","0.0","44.45"
"male","25","3","0","170","46.0","1402.5","210.38","84.15","56.1","1683.0","1.2","1683.0","36.8","0.0","47.35"
"male","25","3","0","165","42.0","1331.25","199.69","79.88","53.25","1597.5","1.2","1597.5","33.6","0.0","46.28"
"female","23","4","0","152","80.0","1474.0","221.1","88.44","58.96","1768.8","1.2","1768.8","64.0","0.0","24.44"
"male","18","2","0","168","73.0","1695.0","254.25","101.7","67.8","2034.0","1.2","2034.0","58.4","0.0","43.3"
"male","21","3","0","165","46.0","1391.25","208.69","83.48","55.65","1669.5","1.2","1669.5","36.8","0.0","46.68"
"male","18","3","0","168","55.0","1515.0","227.25","90.9","60.6","1818.0","1.2","1818.0","44.0","0.0","46.9"
"male","22","3","2","173","56.0","1536.25","297.65","119.06","79.37","2381.18","1.55","2381.19","44.8","-0.01","74.26"
"male","25","3","0","160","116.0","2040.0","306.0","122.4","81.6","2448.0","1.2","2448.0","92.8","0.0","29.6"
"male","24","2","0","180","74.0","1750.0","262.5","105.0","70.0","2100.0","1.2","2100.0","59.2","0.0","45.8"
"female","22","2","0","160","75.0","1479.0","221.85","88.74","59.16","1774.8","1.2","1774.8","60.0","0.0","28.74"
"male","22","3","0","168","50.0","1445.0","216.75","86.7","57.8","1734.0","1.2","1734.0","40.0","0.0","46.7"
"male","32","3","4","165","77.0","1646.25","390.98","156.39","104.26","3127.87","1.9","3127.88","61.6","-0.01","94.79"
"male","22","2","4","170","72.0","1677.5","398.41","159.36","106.24","3187.25","1.9","3187.25","57.6","0.0","101.76"
"male","30","3","0","163","98.0","1853.75","278.06","111.22","74.15","2224.5","1.2","2224.5","78.4","0.0","32.82"
"female","20","4","0","165","80.0","1570.25","235.54","94.22","62.81","1884.3","1.2","1884.3","64.0","0.0","30.22"
"female","59","2","0","145","72.0","1170.25","175.54","70.22","46.81","1404.3","1.2","1404.3","57.6","0.0","12.62"
"male","17","3","0","188","55.0","1645.0","246.75","98.7","65.8","1974.0","1.2","1974.0","44.0","0.0","54.7"
"female","26","3","0","145","87.0","1485.25","222.79","89.12","59.41","1782.3","1.2","1782.3","69.6","0.0","19.52"
"female","44","3","0","157","85.0","1450.25","217.54","87.02","58.01","1740.3","1.2","1740.3","68.0","0.0","19.02"
"female","40","3","1","152","80.0","1389.0","238.73","95.49","63.66","1909.87","1.38","1916.82","64.0","-6.95","31.49"
"male","19","3","0","170","65.0","1622.5","243.38","97.35","64.9","1947.0","1.2","1947.0","52.0","0.0","45.35"
"female","28","2","0","137","55.0","1105.25","165.79","66.32","44.21","1326.3","1.2","1326.3","44.0","0.0","22.32"
"male","24","3","0","163","117.0","2073.75","311.06","124.42","82.95","2488.5","1.2","2488.5","93.6","0.0","30.82"
"female","27","3","0","165","49.0","1225.25","183.79","73.52","49.01","1470.3","1.2","1470.3","39.2","0.0","34.32"
"female","22","3","3","160","79.0","1519.0","327.53","131.01","87.34","2620.27","1.73","2627.87","63.2","-7.6","67.81"
"female","24","4","0","147","59.0","1227.75","184.16","73.67","49.11","1473.3","1.2","1473.3","47.2","0.0","26.47"
"female","21","3","0","163","45.0","1202.75","180.41","72.17","48.11","1443.3","1.2","1443.3","36.0","0.0","36.17"
"male","20","2","4","185","88.0","1941.25","461.05","184.42","122.95","3688.38","1.9","3688.38","70.4","0.0","114.02"
"male","23","2","0","165","69.0","1611.25","241.69","96.68","64.45","1933.5","1.2","1933.5","55.2","0.0","41.48"
"female","22","2","0","173","50.0","1310.25","196.54","78.61","52.41","1572.3","1.2","1572.3","40.0","0.0","38.61"
"male","24","3","0","173","113.0","2096.25","314.44","125.78","83.85","2515.5","1.2","2515.5","90.4","0.0","35.38"
"male","24","3","0","163","49.0","1393.75","209.06","83.62","55.75","1672.5","1.2","1672.5","39.2","0.0","44.42"
"female","34","2","0","152","66.0","1279.0","191.85","76.74","51.16","1534.8","1.2","1534.8","52.8","0.0","23.94"
"male","23","3","0","157","120.0","2071.25","310.69","124.28","82.85","2485.5","1.2","2485.5","96.0","0.0","28.28"
"male","22","3","0","178","80.0","1807.5","271.12","108.45","72.3","2169.0","1.2","2169.0","64.0","0.0","44.45"
"female","21","2","0","152","50.0","1184.0","177.6","71.04","47.36","1420.8","1.2","1420.8","40.0","0.0","31.04"
"male","36","3","0","168","110.0","1975.0","296.25","118.5","79.0","2370.0","1.2","2370.0","88.0","0.0","30.5"
"male","22","2","0","175","72.0","1708.75","256.31","102.52","68.35","2050.5","1.2","2050.5","57.6","0.0","44.92"
"female","33","2","0","145","56.0","1140.25","171.04","68.42","45.61","1368.3","1.2","1368.3","44.8","0.0","23.62"
"male","23","2","0","170","78.0","1732.5","259.88","103.95","69.3","2079.0","1.2","2079.0","62.4","0.0","41.55"
"male","21","3","0","170","50.0","1462.5","219.38","87.75","58.5","1755.0","1.2","1755.0","40.0","0.0","47.75"
"male","34","3","0","163","48.0","1333.75","200.06","80.03","53.35","1600.5","1.2","1600.5","38.4","0.0","41.63"
"female","23","3","0","152","58.0","1254.0","188.1","75.24","50.16","1504.8","1.2","1504.8","46.4","0.0","28.84"
"male","27","3","0","173","104.0","1991.25","298.69","119.48","79.65","2389.5","1.2","2389.5","83.2","0.0","36.28"
"male","51","4","0","152","85.0","1550.0","232.5","93.0","62.0","1860.0","1.2","1860.0","68.0","0.0","25.0"
"male","23","4","0","178","62.0","1622.5","243.38","97.35","64.9","1947.0","1.2","1947.0","49.6","0.0","47.75"
"male","23","3","0","165","113.0","2051.25","307.69","123.08","82.05","2461.5","1.2","2461.5","90.4","0.0","32.68"
"female","33","2","0","145","73.0","1310.25","196.54","78.61","52.41","1572.3","1.2","1572.3","58.4","0.0","20.21"
"male","23","2","0","163","72.0","1628.75","244.31","97.72","65.15","1954.5","1.2","1954.5","57.6","0.0","40.12"
"male","24","2","1","170","99.0","1937.5","333.01","133.2","88.8","2664.06","1.38","2673.75","79.2","-9.69","54.0"
"female","27","3","0","160","47.0","1174.0","176.1","70.44","46.96","1408.8","1.2","1408.8","37.6","0.0","32.84"
"male","23","3","0","165","44.0","1361.25","204.19","81.68","54.45","1633.5","1.2","1633.5","35.2","0.0","46.48"
"female","21","3","2","157","70.0","1415.25","274.2","109.68","73.12","2193.64","1.55","2193.64","56.0","0.0","53.68"
"male","45","3","0","175","45.0","1323.75","198.56","79.42","52.95","1588.5","1.2","1588.5","36.0","0.0","43.42"
"male","33","3","0","168","73.0","1620.0","243.0","97.2","64.8","1944.0","1.2","1944.0","58.4","0.0","38.8"
"female","15","2","3","168","65.0","1464.0","315.68","126.27","84.18","2525.4","1.73","2532.72","52.0","-7.32","74.27"
"female","27","3","0","145","90.0","1510.25","226.54","90.62","60.41","1812.3","1.2","1812.3","72.0","0.0","18.62"
"male","23","2","2","170","85.0","1802.5","349.23","139.69","93.13","2793.87","1.55","2793.88","68.0","-0.01","71.69"
"male","24","2","0","163","40.0","1303.75","195.56","78.22","52.15","1564.5","1.2","1564.5","32.0","0.0","46.22"
"female","31","2","0","165","110.0","1815.25","272.29","108.92","72.61","2178.3","1.2","2178.3","88.0","0.0","20.92"
"male","23","2","0","173","100.0","1971.25","295.69","118.28","78.85","2365.5","1.2","2365.5","80.0","0.0","38.28"
"male","24","3","2","170","70.0","1647.5","319.2","127.68","85.12","2553.62","1.55","2553.63","56.0","-0.01","71.68"
"female","54","4","0","157","88.0","1430.25","214.54","85.82","57.21","1716.3","1.2","1716.3","70.4","0.0","15.42"
"male","24","3","0","178","90.0","1897.5","284.62","113.85","75.9","2277.0","1.2","2277.0","72.0","0.0","41.85"
"female","28","2","1","152","52.0","1169.0","200.92","80.37","53.58","1607.38","1.38","1613.22","41.6","-5.84","38.77"
"male","38","3","0","168","118.0","2045.0","306.75","122.7","81.8","2454.0","1.2","2454.0","94.4","0.0","28.3"
"female","25","2","1","145","61.0","1230.25","211.45","84.58","56.39","1691.59","1.38","1697.75","48.8","-6.16","35.78"
"female","58","2","0","157","77.0","1300.25","195.04","78.02","52.01","1560.3","1.2","1560.3","61.6","0.0","16.42"
"female","21","3","4","157","54.0","1255.25","298.12","119.25","79.5","2384.98","1.9","2384.98","43.2","0.0","76.05"
"male","23","3","0","178","69.0","1692.5","253.88","101.55","67.7","2031.0","1.2","2031.0","55.2","0.0","46.35"
"male","35","3","0","173","110.0","2011.25","301.69","120.68","80.45","2413.5","1.2","2413.5","88.0","0.0","32.68"
"male","23","3","0","168","58.0","1520.0","228.0","91.2","60.8","1824.0","1.2","1824.0","46.4","0.0","44.8"
"male","26","3","0","157","114.0","1996.25","299.44","119.78","79.85","2395.5","1.2","2395.5","91.2","0.0","28.58"
"male","24","3","0","175","80.0","1778.75","266.81","106.72","71.15","2134.5","1.2","2134.5","64.0","0.0","42.72"
"male","25","3","0","168","49.0","1420.0","213.0","85.2","56.8","1704.0","1.2","1704.0","39.2","0.0","46.0"
"female","37","2","0","157","80.0","1435.25","215.29","86.12","57.41","1722.3","1.2","1722.3","64.0","0.0","22.12"
"female","50","2","0","152","65.0","1189.0","178.35","71.34","47.56","1426.8","1.2","1426.8","52.0","0.0","19.34"
"male","25","3","0","185","78.0","1816.25","272.44","108.98","72.65","2179.5","1.2","2179.5","62.4","0.0","46.58"
"female","29","3","0","145","97.0","1570.25","235.54","94.22","62.81","1884.3","1.2","1884.3","77.6","0.0","16.62"
"male","24","2","0","170","88.0","1827.5","274.12","109.65","73.1","2193.0","1.2","2193.0","70.4","0.0","39.25"
"female","20","2","1","155","53.0","1237.75","212.74","85.1","56.73","1701.9","1.38","1708.09","42.4","-6.19","42.7"
"male","21","3","0","175","62.0","1613.75","242.06","96.82","64.55","1936.5","1.2","1936.5","49.6","0.0","47.22"
"male","33","3","0","173","52.0","1441.25","216.19","86.48","57.65","1729.5","1.2","1729.5","41.6","0.0","44.88"
"male","22","2","2","170","82.0","1777.5","344.39","137.76","91.84","2755.13","1.55","2755.13","65.6","0.0","72.16"
"male","18","3","2","188","70.0","1790.0","346.81","138.72","92.48","2774.5","1.55","2774.5","56.0","0.0","82.72"
"female","49","3","0","140","72.0","1189.0","178.35","71.34","47.56","1426.8","1.2","1426.8","57.6","0.0","13.74"
"male","21","3","0","175","56.0","1553.75","233.06","93.22","62.15","1864.5","1.2","1864.5","44.8","0.0","48.42"
"female","54","2","0","140","57.0","1014.0","152.1","60.84","40.56","1216.8","1.2","1216.8","45.6","0.0","15.24"
"female","24","2","0","170","55.0","1331.5","199.72","79.89","53.26","1597.8","1.2","1597.8","44.0","0.0","35.89"
"male","26","3","0","157","95.0","1806.25","270.94","108.38","72.25","2167.5","1.2","2167.5","76.0","0.0","32.38"
"male","28","2","1","170","98.0","1907.5","327.85","131.14","87.43","2622.82","1.38","2632.35","78.4","-9.53","52.74"
"female","21","2","1","175","84.0","1667.75","286.64","114.66","76.44","2293.16","1.38","2301.5","67.2","-8.34","47.46"
"male","30","2","0","180","91.0","1890.0","283.5","113.4","75.6","2268.0","1.2","2268.0","72.8","0.0","40.6"
"male","29","4","0","168","102.0","1930.0","289.5","115.8","77.2","2316.0","1.2","2316.0","81.6","0.0","34.2"
"female","41","4","0","145","78.0","1320.25","198.04","79.22","52.81","1584.3","1.2","1584.3","62.4","0.0","16.82"
"male","23","3","2","168","78.0","1720.0","333.25","133.3","88.87","2666.0","1.55","2666.0","62.4","0.0","70.9"
"female","40","3","0","142","78.0","1306.5","195.98","78.39","52.26","1567.8","1.2","1567.8","62.4","0.0","15.99"
"female","42","3","0","152","99.0","1569.0","235.35","94.14","62.76","1882.8","1.2","1882.8","79.2","0.0","14.94"
"male","23","3","4","175","69.0","1673.75","397.52","159.01","106.0","3180.12","1.9","3180.13","55.2","-0.01","103.81"
"female","30","4","0","163","95.0","1657.75","248.66","99.46","66.31","1989.3","1.2","1989.3","76.0","0.0","23.46"
"male","28","4","0","163","94.0","1823.75","273.56","109.42","72.95","2188.5","1.2","2188.5","75.2","0.0","34.22"
"male","23","2","0","163","85.0","1758.75","263.81","105.52","70.35","2110.5","1.2","2110.5","68.0","0.0","37.52"
"male","22","3","0","168","61.0","1555.0","233.25","93.3","62.2","1866.0","1.2","1866.0","48.8","0.0","44.5"
"female","27","2","1","152","64.0","1294.0","222.41","88.96","59.31","1779.24","1.38","1785.72","51.2","-6.48","37.76"
"male","22","4","4","183","68.0","1718.75","408.2","163.28","108.85","3265.62","1.9","3265.63","54.4","-0.01","108.88"
"female","21","2","0","155","47.0","1172.75","175.91","70.36","46.91","1407.3","1.2","1407.3","37.6","0.0","32.76"
"female","20","4","2","178","70.0","1551.5","300.6","120.24","80.16","2404.82","1.55","2404.83","56.0","-0.01","64.24"
"male","26","3","1","173","77.0","1726.25","296.7","118.68","79.12","2373.6","1.38","2382.23","61.6","-8.63","57.08"
"female","25","3","0","152","70.0","1364.0","204.6","81.84","54.56","1636.8","1.2","1636.8","56.0","0.0","25.84"
"male","25","3","0","163","50.0","1398.75","209.81","83.92","55.95","1678.5","1.2","1678.5","40.0","0.0","43.92"
"female","46","3","0","145","103.0","1545.25","231.79","92.72","61.81","1854.3","1.2","1854.3","82.4","0.0","10.32"
"female","22","3","0","163","45.0","1197.75","179.66","71.86","47.91","1437.3","1.2","1437.3","36.0","0.0","35.86"
"male","22","3","0","170","50.0","1457.5","218.62","87.45","58.3","1749.0","1.2","1749.0","40.0","0.0","47.45"
"female","34","2","0","152","78.0","1399.0","209.85","83.94","55.96","1678.8","1.2","1678.8","62.4","0.0","21.54"
"female","23","2","0","147","56.0","1202.75","180.41","72.17","48.11","1443.3","1.2","1443.3","44.8","0.0","27.37"
"male","25","3","0","163","96.0","1858.75","278.81","111.52","74.35","2230.5","1.2","2230.5","76.8","0.0","34.72"
"female","22","3","1","152","55.0","1229.0","211.23","84.49","56.33","1689.87","1.38","1696.02","44.0","-6.15","40.49"
"male","19","3","0","173","80.0","1791.25","268.69","107.48","71.65","2149.5","1.2","2149.5","64.0","0.0","43.48"
"male","22","3","0","183","85.0","1888.75","283.31","113.32","75.55","2266.5","1.2","2266.5","68.0","0.0","45.32"
"male","23","3","0","175","65.0","1633.75","245.06","98.02","65.35","1960.5","1.2","1960.5","52.0","0.0","46.02"
"male","19","3","1","185","100.0","2066.25","355.14","142.06","94.7","2841.1","1.38","2851.42","80.0","-10.32","62.06"
"female","22","4","3","165","65.0","1410.25","304.08","121.63","81.09","2432.68","1.73","2439.73","52.0","-7.05","69.63"
"male","21","4","4","178","64.0","1652.5","392.47","156.99","104.66","3139.75","1.9","3139.75","51.2","0.0","105.79"
"male","23","3","0","163","92.0","1828.75","274.31","109.72","73.15","2194.5","1.2","2194.5","73.6","0.0","36.12"
"male","28","4","0","160","90.0","1765.0","264.75","105.9","70.6","2118.0","1.2","2118.0","72.0","0.0","33.9"
"female","22","3","1","163","56.0","1307.75","224.77","89.91","59.94","1798.16","1.38","1804.7","44.8","-6.54","45.11"
"male","23","3","0","183","90.0","1933.75","290.06","116.02","77.35","2320.5","1.2","2320.5","72.0","0.0","44.02"
"female","25","4","0","140","72.0","1309.0","196.35","78.54","52.36","1570.8","1.2","1570.8","57.6","0.0","20.94"
"female","19","3","1","160","56.0","1304.0","224.12","89.65","59.77","1793.0","1.38","1799.52","44.8","-6.52","44.85"
"female","50","3","0","152","82.0","1359.0","203.85","81.54","54.36","1630.8","1.2","1630.8","65.6","0.0","15.94"
"male","20","3","1","173","64.0","1626.25","279.51","111.8","74.54","2236.09","1.38","2244.23","51.2","-8.14","60.6"
"male","32","3","0","165","50.0","1376.25","206.44","82.58","55.05","1651.5","1.2","1651.5","40.0","0.0","42.58"
"female","35","2","0","165","58.0","1275.25","191.29","76.52","51.01","1530.3","1.2","1530.3","46.4","0.0","30.12"
"female","48","4","0","142","74.0","1226.5","183.98","73.59","49.06","1471.8","1.2","1471.8","59.2","0.0","14.39"
"female","21","3","0","163","60.0","1352.75","202.91","81.17","54.11","1623.3","1.2","1623.3","48.0","0.0","33.17"
"female","25","3","0","142","95.0","1551.5","232.72","93.09","62.06","1861.8","1.2","1861.8","76.0","0.0","17.09"
"female","20","3","1","160","60.0","1339.0","230.14","92.06","61.37","1841.13","1.38","1847.82","48.0","-6.69","44.06"
"male","23","3","0","170","52.0","1472.5","220.88","88.35","58.9","1767.0","1.2","1767.0","41.6","0.0","46.75"
"female","20","2","0","168","65.0","1439.0","215.85","86.34","57.56","1726.8","1.2","1726.8","52.0","0.0","34.34"
"male","24","2","0","165","49.0","1406.25","210.94","84.38","56.25","1687.5","1.2","1687.5","39.2","0.0","45.18"
"male","30","3","1","173","94.0","1876.25","322.48","128.99","86.0","2579.84","1.38","2589.23","75.2","-9.39","53.79"
"female","48","3","0","140","73.0","1204.0","180.6","72.24","48.16","1444.8","1.2","1444.8","58.4","0.0","13.84"
"male","22","2","0","173","65.0","1626.25","243.94","97.58","65.05","1951.5","1.2","1951.5","52.0","0.0","45.58"
"male","23","2","0","173","69.0","1661.25","249.19","99.68","66.45","1993.5","1.2","1993.5","55.2","0.0","44.48"
"male","22","3","0","160","119.0","2085.0","312.75","125.1","83.4","2502.0","1.2","2502.0","95.2","0.0","29.9"
"female","22","3","2","155","56.0","1257.75","243.69","97.48","64.98","1949.52","1.55","1949.51","44.8","0.01","52.68"
"male","19","2","3","183","72.0","1773.75","382.46","152.99","101.99","3059.72","1.73","3068.59","57.6","-8.87","95.39"
"female","25","4","0","160","58.0","1294.0","194.1","77.64","51.76","1552.8","1.2","1552.8","46.4","0.0","31.24"
"male","25","3","0","175","106.0","2033.75","305.06","122.02","81.35","2440.5","1.2","2440.5","84.8","0.0","37.22"
"male","23","3","0","178","64.0","1642.5","246.38","98.55","65.7","1971.0","1.2","1971.0","51.2","0.0","47.35"
"female","27","3","1","135","62.0","1167.75","200.71","80.28","53.52","1605.66","1.38","1611.5","49.6","-5.84","30.68"
"male","26","2","0","168","88.0","1805.0","270.75","108.3","72.2","2166.0","1.2","2166.0","70.4","0.0","37.9"
"female","22","3","4","163","54.0","1287.75","305.84","122.34","81.56","2446.72","1.9","2446.73","43.2","-0.01","79.14"
"female","25","4","0","160","94.0","1654.0","248.1","99.24","66.16","1984.8","1.2","1984.8","75.2","0.0","24.04"
"male","26","3","0","170","109.0","2027.5","304.12","121.65","81.1","2433.0","1.2","2433.0","87.2","0.0","34.45"
"male","26","2","0","173","92.0","1876.25","281.44","112.58","75.05","2251.5","1.2","2251.5","73.6","0.0","38.98"
"female","27","4","0","163","70.0","1422.75","213.41","85.36","56.91","1707.3","1.2","1707.3","56.0","0.0","29.36"
"male","23","3","4","173","72.0","1691.25","401.67","160.67","107.11","3213.37","1.9","3213.38","57.6","-0.01","103.07"
"male","21","4","4","168","68.0","1630.0","387.12","154.85","103.23","3097.0","1.9","3097.0","54.4","0.0","100.45"
"male","42","3","0","168","110.0","1945.0","291.75","116.7","77.8","2334.0","1.2","2334.0","88.0","0.0","28.7"
"male","23","4","0","178","70.0","1702.5","255.38","102.15","68.1","2043.0","1.2","2043.0","56.0","0.0","46.15"
"female","26","4","0","180","72.0","1554.0","233.1","93.24","62.16","1864.8","1.2","1864.8","57.6","0.0","35.64"
"male","21","3","0","168","75.0","1700.0","255.0","102.0","68.0","2040.0","1.2","2040.0","60.0","0.0","42.0"
"male","20","2","0","170","70.0","1667.5","250.12","100.05","66.7","2001.0","1.2","2001.0","56.0","0.0","44.05"
"male","20","3","0","173","50.0","1486.25","222.94","89.18","59.45","1783.5","1.2","1783.5","40.0","0.0","49.18"
"male","27","3","0","173","82.0","1771.25","265.69","106.28","70.85","2125.5","1.2","2125.5","65.6","0.0","40.68"
"male","22","3","0","173","74.0","1716.25","257.44","102.98","68.65","2059.5","1.2","2059.5","59.2","0.0","43.78"
"female","26","3","0","155","86.0","1537.75","230.66","92.26","61.51","1845.3","1.2","1845.3","68.8","0.0","23.46"
"male","24","4","0","168","77.0","1705.0","255.75","102.3","68.2","2046.0","1.2","2046.0","61.6","0.0","40.7"
"male","24","2","4","178","85.0","1847.5","438.78","175.51","117.01","3510.25","1.9","3510.25","68.0","0.0","107.51"
"male","28","3","0","168","50.0","1415.0","212.25","84.9","56.6","1698.0","1.2","1698.0","40.0","0.0","44.9"
"male","28","4","1","183","112.0","2128.75","365.88","146.35","97.57","2927.04","1.38","2937.67","89.6","-10.63","56.75"
"male","62","3","4","165","57.0","1296.25","307.86","123.14","82.1","2462.88","1.9","2462.88","45.6","0.0","77.54"
"male","35","4","0","155","87.0","1668.75","250.31","100.12","66.75","2002.5","1.2","2002.5","69.6","0.0","30.52"
"female","25","3","0","163","48.0","1212.75","181.91","72.76","48.51","1455.3","1.2","1455.3","38.4","0.0","34.36"
"female","21","3","0","157","51.0","1225.25","183.79","73.52","49.01","1470.3","1.2","1470.3","40.8","0.0","32.72"
"female","16","3","2","157","45.0","1190.25","230.61","92.24","61.5","1844.88","1.55","1844.89","36.0","-0.01","56.24"
"female","33","3","0","157","41.0","1065.25","159.79","63.92","42.61","1278.3","1.2","1278.3","32.8","0.0","31.12"
"male","23","2","0","157","45.0","1321.25","198.19","79.28","52.85","1585.5","1.2","1585.5","36.0","0.0","43.28"
"female","20","3","0","157","46.0","1180.25","177.04","70.82","47.21","1416.3","1.2","1416.3","36.8","0.0","34.02"
"female","23","3","1","160","49.0","1214.0","208.66","83.46","55.64","1669.25","1.38","1675.32","39.2","-6.07","44.26"
"male","25","4","0","168","102.0","1950.0","292.5","117.0","78.0","2340.0","1.2","2340.0","81.6","0.0","35.4"
"female","24","2","0","147","46.0","1097.75","164.66","65.86","43.91","1317.3","1.2","1317.3","36.8","0.0","29.06"
"male","24","2","2","173","75.0","1716.25","332.52","133.01","88.67","2660.18","1.55","2660.19","60.0","-0.01","73.01"
"male","23","3","0","173","60.0","1571.25","235.69","94.28","62.85","1885.5","1.2","1885.5","48.0","0.0","46.28"
"female","20","3","0","163","54.0","1297.75","194.66","77.86","51.91","1557.3","1.2","1557.3","43.2","0.0","34.66"
"male","22","3","0","170","76.0","1717.5","257.62","103.05","68.7","2061.0","1.2","2061.0","60.8","0.0","42.25"
"female","19","4","0","168","41.0","1204.0","180.6","72.24","48.16","1444.8","1.2","1444.8","32.8","0.0","39.44"
"female","20","3","2","163","81.0","1567.75","303.75","121.5","81.0","2430.01","1.55","2430.01","64.8","0.0","56.7"
"male","22","3","0","175","60.0","1588.75","238.31","95.32","63.55","1906.5","1.2","1906.5","48.0","0.0","47.32"
"female","21","3","0","155","57.0","1272.75","190.91","76.36","50.91","1527.3","1.2","1527.3","45.6","0.0","30.76"
"male","25","4","3","185","87.0","1906.25","411.04","164.41","109.61","3288.28","1.73","3297.81","69.6","-9.53","94.81"
"female","50","3","0","145","104.0","1535.25","230.29","92.12","61.41","1842.3","1.2","1842.3","83.2","0.0","8.92"
"male","20","3","0","180","75.0","1780.0","267.0","106.8","71.2","2136.0","1.2","2136.0","60.0","0.0","46.8"
"female","46","2","0","157","45.0","1040.25","156.04","62.42","41.61","1248.3","1.2","1248.3","36.0","0.0","26.42"
"female","18","4","0","140","72.0","1344.0","201.6","80.64","53.76","1612.8","1.2","1612.8","57.6","0.0","23.04"
"male","21","2","1","173","68.0","1661.25","285.53","114.21","76.14","2284.22","1.38","2292.52","54.4","-8.3","59.81"
"male","23","3","0","178","72.0","1722.5","258.38","103.35","68.9","2067.0","1.2","2067.0","57.6","0.0","45.75"
"male","23","3","0","180","63.0","1645.0","246.75","98.7","65.8","1974.0","1.2","1974.0","50.4","0.0","48.3"
"male","25","2","0","155","41.0","1258.75","188.81","75.53","50.35","1510.5","1.2","1510.5","32.8","0.0","42.73"
"female","22","2","0","170","82.0","1611.5","241.72","96.69","64.46","1933.8","1.2","1933.8","65.6","0.0","31.09"
"male","42","3","0","155","85.0","1613.75","242.06","96.82","64.55","1936.5","1.2","1936.5","68.0","0.0","28.82"
"male","23","2","4","175","65.0","1633.75","388.02","155.21","103.47","3104.13","1.9","3104.13","52.0","0.0","103.21"
"male","22","3","0","185","75.0","1801.25","270.19","108.08","72.05","2161.5","1.2","2161.5","60.0","0.0","48.08"
"female","27","4","0","152","83.0","1484.0","222.6","89.04","59.36","1780.8","1.2","1780.8","66.4","0.0","22.64"
"male","22","3","0","165","52.0","1446.25","216.94","86.78","57.85","1735.5","1.2","1735.5","41.6","0.0","45.18"
"male","21","3","0","170","85.0","1812.5","271.88","108.75","72.5","2175.0","1.2","2175.0","68.0","0.0","40.75"
"female","20","4","2","165","76.0","1530.25","296.49","118.59","79.06","2371.89","1.55","2371.89","60.8","0.0","57.79"
"female","22","2","0","163","55.0","1297.75","194.66","77.86","51.91","1557.3","1.2","1557.3","44.0","0.0","33.86"
"male","43","4","0","163","94.0","1748.75","262.31","104.92","69.95","2098.5","1.2","2098.5","75.2","0.0","29.72"
"male","25","4","3","178","70.0","1692.5","364.94","145.98","97.32","2919.56","1.73","2928.03","56.0","-8.47","89.98"
"male","25","3","0","173","55.0","1511.25","226.69","90.68","60.45","1813.5","1.2","1813.5","44.0","0.0","46.68"
"female","41","4","0","145","76.0","1300.25","195.04","78.02","52.01","1560.3","1.2","1560.3","60.8","0.0","17.22"
"female","28","2","0","142","53.0","1116.5","167.48","66.99","44.66","1339.8","1.2","1339.8","42.4","0.0","24.59"
"male","29","3","1","170","93.0","1852.5","318.4","127.36","84.91","2547.18","1.38","2556.45","74.4","-9.27","52.96"
"male","23","3","0","157","110.0","1971.25","295.69","118.28","78.85","2365.5","1.2","2365.5","88.0","0.0","30.28"
"female","22","3","0","147","38.0","1027.75","154.16","61.66","41.11","1233.3","1.2","1233.3","30.4","0.0","31.26"
"female","25","4","0","157","88.0","1575.25","236.29","94.52","63.01","1890.3","1.2","1890.3","70.4","0.0","24.12"
"female","25","4","0","160","90.0","1614.0","242.1","96.84","64.56","1936.8","1.2","1936.8","72.0","0.0","24.84"
"male","21","3","0","168","74.0","1690.0","253.5","101.4","67.6","2028.0","1.2","2028.0","59.2","0.0","42.2"
"female","30","3","0","163","46.0","1167.75","175.16","70.06","46.71","1401.3","1.2","1401.3","36.8","0.0","33.26"
"male","20","2","0","160","47.0","1375.0","206.25","82.5","55.0","1650.0","1.2","1650.0","37.6","0.0","44.9"
"male","25","2","0","170","65.0","1592.5","238.88","95.55","63.7","1911.0","1.2","1911.0","52.0","0.0","43.55"
"male","24","2","0","168","88.0","1815.0","272.25","108.9","72.6","2178.0","1.2","2178.0","70.4","0.0","38.5"
"male","24","3","0","157","102.0","1886.25","282.94","113.18","75.45","2263.5","1.2","2263.5","81.6","0.0","31.58"
"female","22","4","0","157","62.0","1330.25","199.54","79.82","53.21","1596.3","1.2","1596.3","49.6","0.0","30.22"
"male","29","3","1","165","93.0","1821.25","313.03","125.21","83.47","2504.22","1.38","2513.33","74.4","-9.11","50.81"
"male","24","3","1","175","71.0","1688.75","290.25","116.1","77.4","2322.03","1.38","2330.48","56.8","-8.45","59.3"
"male","30","3","0","165","86.0","1746.25","261.94","104.78","69.85","2095.5","1.2","2095.5","68.8","0.0","35.98"
"female","19","2","0","145","70.0","1350.25","202.54","81.02","54.01","1620.3","1.2","1620.3","56.0","0.0","25.02"
"male","29","2","0","170","95.0","1872.5","280.88","112.35","74.9","2247.0","1.2","2247.0","76.0","0.0","36.35"
"female","30","3","0","140","85.0","1414.0","212.1","84.84","56.56","1696.8","1.2","1696.8","68.0","0.0","16.84"
"male","22","3","2","175","69.0","1678.75","325.26","130.1","86.74","2602.06","1.55","2602.06","55.2","0.0","74.9"
"male","22","2","0","168","95.0","1895.0","284.25","113.7","75.8","2274.0","1.2","2274.0","76.0","0.0","37.7"
"female","61","4","0","155","61.0","1112.75","166.91","66.76","44.51","1335.3","1.2","1335.3","48.8","0.0","17.96"
"male","34","3","0","160","107.0","1905.0","285.75","114.3","76.2","2286.0","1.2","2286.0","85.6","0.0","28.7"
"female","21","2","0","152","63.0","1314.0","197.1","78.84","52.56","1576.8","1.2","1576.8","50.4","0.0","28.44"
"male","20","4","0","183","81.0","1858.75","278.81","111.52","74.35","2230.5","1.2","2230.5","64.8","0.0","46.72"
"male","23","2","0","165","76.0","1681.25","252.19","100.88","67.25","2017.5","1.2","2017.5","60.8","0.0","40.08"
"male","23","3","1","175","73.0","1713.75","294.55","117.82","78.55","2356.41","1.38","2364.98","58.4","-8.57","59.42"
"male","23","2","1","168","55.0","1490.0","256.09","102.44","68.29","2048.76","1.38","2056.2","44.0","-7.44","58.44"
"male","22","3","0","168","40.0","1345.0","201.75","80.7","53.8","1614.0","1.2","1614.0","32.0","0.0","48.7"
"male","21","2","0","160","64.0","1540.0","231.0","92.4","61.6","1848.0","1.2","1848.0","51.2","0.0","41.2"
"female","32","3","0","140","89.0","1444.0","216.6","86.64","57.76","1732.8","1.2","1732.8","71.2","0.0","15.44"
"male","23","3","0","168","60.0","1540.0","231.0","92.4","61.6","1848.0","1.2","1848.0","48.0","0.0","44.4"
"female","24","3","0","152","73.0","1399.0","209.85","83.94","55.96","1678.8","1.2","1678.8","58.4","0.0","25.54"
"female","28","2","0","168","62.0","1369.0","205.35","82.14","54.76","1642.8","1.2","1642.8","49.6","0.0","32.54"
"male","23","2","0","163","130.0","2208.75","331.31","132.52","88.35","2650.5","1.2","2650.5","104.0","0.0","28.52"
"male","23","4","0","180","62.0","1635.0","245.25","98.1","65.4","1962.0","1.2","1962.0","49.6","0.0","48.5"
"male","20","2","0","178","65.0","1667.5","250.12","100.05","66.7","2001.0","1.2","2001.0","52.0","0.0","48.05"
"male","43","3","0","155","88.0","1638.75","245.81","98.32","65.55","1966.5","1.2","1966.5","70.4","0.0","27.92"
"male","26","3","0","168","107.0","1995.0","299.25","119.7","79.8","2394.0","1.2","2394.0","85.6","0.0","34.1"
"male","23","4","0","165","65.0","1571.25","235.69","94.28","62.85","1885.5","1.2","1885.5","52.0","0.0","42.28"
"male","27","2","0","160","70.0","1570.0","235.5","94.2","62.8","1884.0","1.2","1884.0","56.0","0.0","38.2"
"male","23","4","0","178","72.0","1722.5","258.38","103.35","68.9","2067.0","1.2","2067.0","57.6","0.0","45.75"
"male","23","3","0","160","104.0","1930.0","289.5","115.8","77.2","2316.0","1.2","2316.0","83.2","0.0","32.6"
"male","26","3","2","183","74.0","1758.75","340.76","136.3","90.87","2726.06","1.55","2726.06","59.2","0.0","77.1"
"male","28","3","0","175","127.0","2228.75","334.31","133.72","89.15","2674.5","1.2","2674.5","101.6","0.0","32.12"
"female","60","2","0","152","80.0","1289.0","193.35","77.34","51.56","1546.8","1.2","1546.8","64.0","0.0","13.34"
"male","25","4","0","175","109.0","2063.75","309.56","123.82","82.55","2476.5","1.2","2476.5","87.2","0.0","36.62"
"male","29","3","0","168","52.0","1430.0","214.5","85.8","57.2","1716.0","1.2","1716.0","41.6","0.0","44.2"
"male","33","4","0","157","87.0","1691.25","253.69","101.48","67.65","2029.5","1.2","2029.5","69.6","0.0","31.88"
"male","23","3","0","165","110.0","2021.25","303.19","121.28","80.85","2425.5","1.2","2425.5","88.0","0.0","33.28"
"male","22","3","0","168","52.0","1465.0","219.75","87.9","58.6","1758.0","1.2","1758.0","41.6","0.0","46.3"
"female","38","3","0","140","82.0","1344.0","201.6","80.64","53.76","1612.8","1.2","1612.8","65.6","0.0","15.04"
"male","23","3","4","170","74.0","1692.5","401.97","160.79","107.19","3215.76","1.9","3215.75","59.2","0.01","101.59"
"male","24","3","0","183","78.0","1808.75","271.31","108.52","72.35","2170.5","1.2","2170.5","62.4","0.0","46.12"
"female","19","3","0","163","85.0","1612.75","241.91","96.76","64.51","1935.3","1.2","1935.3","68.0","0.0","28.76"
"male","34","4","0","170","84.0","1737.5","260.62","104.25","69.5","2085.0","1.2","2085.0","67.2","0.0","37.05"
"male","25","3","0","168","75.0","1680.0","252.0","100.8","67.2","2016.0","1.2","2016.0","60.0","0.0","40.8"
"male","23","4","2","173","79.0","1761.25","341.24","136.5","91.0","2729.94","1.55","2729.94","63.2","0.0","73.3"
"female","21","2","1","165","82.0","1585.25","272.46","108.99","72.66","2179.72","1.38","2187.65","65.6","-7.93","43.39"
"male","23","3","0","168","71.0","1650.0","247.5","99.0","66.0","1980.0","1.2","1980.0","56.8","0.0","42.2"
"female","24","3","0","157","44.0","1140.25","171.04","68.42","45.61","1368.3","1.2","1368.3","35.2","0.0","33.22"
"female","50","2","1","165","46.0","1080.25","185.67","74.27","49.51","1485.34","1.38","1490.75","36.8","-5.41","37.47"
"male","21","3","0","180","78.0","1805.0","270.75","108.3","72.2","2166.0","1.2","2166.0","62.4","0.0","45.9"
"female","28","3","0","145","87.0","1475.25","221.29","88.52","59.01","1770.3","1.2","1770.3","69.6","0.0","18.92"
"male","18","3","1","170","108.0","2057.5","353.63","141.45","94.3","2829.06","1.38","2839.35","86.4","-10.29","55.05"
"male","23","3","0","178","110.0","2102.5","315.38","126.15","84.1","2523.0","1.2","2523.0","88.0","0.0","38.15"
"male","22","3","0","165","48.0","1406.25","210.94","84.38","56.25","1687.5","1.2","1687.5","38.4","0.0","45.98"
"female","18","3","0","165","90.0","1680.25","252.04","100.82","67.21","2016.3","1.2","2016.3","72.0","0.0","28.82"
"male","22","3","1","163","58.0","1493.75","256.74","102.7","68.46","2053.91","1.38","2061.38","46.4","-7.47","56.3"
"male","24","3","0","178","90.0","1897.5","284.62","113.85","75.9","2277.0","1.2","2277.0","72.0","0.0","41.85"
"male","22","2","0","163","48.0","1393.75","209.06","83.62","55.75","1672.5","1.2","1672.5","38.4","0.0","45.22"
"female","21","3","0","168","85.0","1634.0","245.1","98.04","65.36","1960.8","1.2","1960.8","68.0","0.0","30.04"
"female","21","2","0","163","57.0","1322.75","198.41","79.36","52.91","1587.3","1.2","1587.3","45.6","0.0","33.76"
"male","20","2","0","165","60.0","1536.25","230.44","92.18","61.45","1843.5","1.2","1843.5","48.0","0.0","44.18"
"female","24","4","0","157","87.0","1570.25","235.54","94.22","62.81","1884.3","1.2","1884.3","69.6","0.0","24.62"
"female","37","3","0","157","44.0","1075.25","161.29","64.52","43.01","1290.3","1.2","1290.3","35.2","0.0","29.32"
"male","22","4","0","157","75.0","1626.25","243.94","97.58","65.05","1951.5","1.2","1951.5","60.0","0.0","37.58"
"male","34","4","1","150","85.0","1622.5","278.87","111.55","74.36","2230.94","1.38","2239.05","68.0","-8.11","43.55"
"female","21","3","0","165","47.0","1235.25","185.29","74.11","49.41","1482.3","1.2","1482.3","37.6","0.0","36.51"
"male","27","2","1","163","84.0","1728.75","297.13","118.85","79.23","2377.03","1.38","2385.67","67.2","-8.64","51.65"
"female","19","3","0","157","85.0","1575.25","236.29","94.52","63.01","1890.3","1.2","1890.3","68.0","0.0","26.52"
"female","26","3","0","157","100.0","1690.25","253.54","101.42","67.61","2028.3","1.2","2028.3","80.0","0.0","21.42"
"male","21","2","1","163","69.0","1608.75","276.5","110.6","73.73","2212.03","1.38","2220.08","55.2","-8.05","55.4"
"male","31","3","0","157","89.0","1721.25","258.19","103.28","68.85","2065.5","1.2","2065.5","71.2","0.0","32.08"
"female","34","3","0","152","77.0","1389.0","208.35","83.34","55.56","1666.8","1.2","1666.8","61.6","0.0","21.74"
"male","20","2","0","160","46.0","1365.0","204.75","81.9","54.6","1638.0","1.2","1638.0","36.8","0.0","45.1"
"male","21","3","0","165","95.0","1881.25","282.19","112.88","75.25","2257.5","1.2","2257.5","76.0","0.0","36.88"
"male","35","2","0","152","57.0","1350.0","202.5","81.0","54.0","1620.0","1.2","1620.0","45.6","0.0","35.4"
"female","16","3","0","165","93.0","1720.25","258.04","103.22","68.81","2064.3","1.2","2064.3","74.4","0.0","28.82"
"male","18","2","0","165","77.0","1716.25","257.44","102.98","68.65","2059.5","1.2","2059.5","61.6","0.0","41.38"
"male","23","3","3","180","77.0","1785.0","384.89","153.96","102.64","3079.12","1.73","3088.05","61.6","-8.93","92.36"
"male","22","3","0","168","92.0","1865.0","279.75","111.9","74.6","2238.0","1.2","2238.0","73.6","0.0","38.3"
"male","45","2","0","170","96.0","1802.5","270.38","108.15","72.1","2163.0","1.2","2163.0","76.8","0.0","31.35"
"male","18","2","0","163","72.0","1653.75","248.06","99.22","66.15","1984.5","1.2","1984.5","57.6","0.0","41.62"
"female","18","2","1","163","60.0","1367.75","235.08","94.03","62.69","1880.66","1.38","1887.5","48.0","-6.84","46.03"
"male","22","2","1","173","78.0","1756.25","301.86","120.74","80.5","2414.84","1.38","2423.63","62.4","-8.79","58.34"
"female","28","2","0","152","67.0","1319.0","197.85","79.14","52.76","1582.8","1.2","1582.8","53.6","0.0","25.54"
"female","22","2","0","155","66.0","1357.75","203.66","81.46","54.31","1629.3","1.2","1629.3","52.8","0.0","28.66"
"female","21","3","0","168","88.0","1664.0","249.6","99.84","66.56","1996.8","1.2","1996.8","70.4","0.0","29.44"
"female","21","3","0","157","45.0","1165.25","174.79","69.92","46.61","1398.3","1.2","1398.3","36.0","0.0","33.92"
"male","30","3","0","163","80.0","1673.75","251.06","100.42","66.95","2008.5","1.2","2008.5","64.0","0.0","36.42"
"female","22","2","0","160","80.0","1529.0","229.35","91.74","61.16","1834.8","1.2","1834.8","64.0","0.0","27.74"
"male","20","2","0","157","62.0","1506.25","225.94","90.38","60.25","1807.5","1.2","1807.5","49.6","0.0","40.78"
"female","23","3","0","152","70.0","1374.0","206.1","82.44","54.96","1648.8","1.2","1648.8","56.0","0.0","26.44"
"male","75","3","1","180","72.0","1475.0","253.52","101.41","67.6","2028.12","1.38","2035.5","57.6","-7.38","43.81"
"female","22","4","0","145","99.0","1625.25","243.79","97.52","65.01","1950.3","1.2","1950.3","79.2","0.0","18.32"
"female","22","2","0","157","55.0","1260.25","189.04","75.61","50.41","1512.3","1.2","1512.3","44.0","0.0","31.61"
"female","30","3","0","165","99.0","1710.25","256.54","102.62","68.41","2052.3","1.2","2052.3","79.2","0.0","23.42"
"female","26","2","1","145","54.0","1155.25","198.56","79.42","52.95","1588.47","1.38","1594.25","43.2","-5.78","36.22"
"female","20","2","4","155","48.0","1187.75","282.09","112.84","75.22","2256.72","1.9","2256.73","38.4","-0.01","74.44"
"female","22","2","0","152","79.0","1469.0","220.35","88.14","58.76","1762.8","1.2","1762.8","63.2","0.0","24.94"
"female","28","3","0","163","93.0","1647.75","247.16","98.86","65.91","1977.3","1.2","1977.3","74.4","0.0","24.46"
"male","21","2","1","178","75.0","1762.5","302.93","121.17","80.78","2423.44","1.38","2432.25","60.0","-8.81","61.17"
"female","20","3","0","150","52.0","1196.5","179.48","71.79","47.86","1435.8","1.2","1435.8","41.6","0.0","30.19"
"female","40","3","0","142","100.0","1526.5","228.98","91.59","61.06","1831.8","1.2","1831.8","80.0","0.0","11.59"
"female","24","2","0","140","53.0","1124.0","168.6","67.44","44.96","1348.8","1.2","1348.8","42.4","0.0","25.04"
"male","40","3","0","170","53.0","1397.5","209.62","83.85","55.9","1677.0","1.2","1677.0","42.4","0.0","41.45"
"male","23","3","0","178","87.0","1872.5","280.88","112.35","74.9","2247.0","1.2","2247.0","69.6","0.0","42.75"
"female","49","3","0","155","107.0","1632.75","244.91","97.96","65.31","1959.3","1.2","1959.3","85.6","0.0","12.36"
"male","19","2","0","175","76.0","1763.75","264.56","105.82","70.55","2116.5","1.2","2116.5","60.8","0.0","45.02"
"female","24","3","0","163","65.0","1387.75","208.16","83.26","55.51","1665.3","1.2","1665.3","52.0","0.0","31.26"
"female","22","4","0","157","46.0","1170.25","175.54","70.22","46.81","1404.3","1.2","1404.3","36.8","0.0","33.42"
"male","30","3","0","170","52.0","1437.5","215.62","86.25","57.5","1725.0","1.2","1725.0","41.6","0.0","44.65"
"male","28","2","0","155","84.0","1673.75","251.06","100.42","66.95","2008.5","1.2","2008.5","67.2","0.0","33.22"
"female","16","2","1","165","60.0","1390.25","238.95","95.58","63.72","1911.6","1.38","1918.54","48.0","-6.94","47.58"
"male","29","3","0","170","50.0","1422.5","213.38","85.35","56.9","1707.0","1.2","1707.0","40.0","0.0","45.35"
"male","30","4","0","168","107.0","1975.0","296.25","118.5","79.0","2370.0","1.2","2370.0","85.6","0.0","32.9"
"female","37","3","0","155","99.0","1612.75","241.91","96.76","64.51","1935.3","1.2","1935.3","79.2","0.0","17.56"
"female","22","2","0","157","67.0","1380.25","207.04","82.82","55.21","1656.3","1.2","1656.3","53.6","0.0","29.22"
"male","25","3","2","170","72.0","1662.5","322.11","128.84","85.9","2576.88","1.55","2576.88","57.6","0.0","71.24"
"male","24","3","0","168","117.0","2105.0","315.75","126.3","84.2","2526.0","1.2","2526.0","93.6","0.0","32.7"
"female","23","3","3","168","55.0","1324.0","285.49","114.2","76.13","2283.9","1.73","2290.52","44.0","-6.62","70.2"
"female","23","2","0","163","75.0","1492.75","223.91","89.56","59.71","1791.3","1.2","1791.3","60.0","0.0","29.56"
"male","19","2","1","168","71.0","1670.0","287.03","114.81","76.54","2296.25","1.38","2304.6","56.8","-8.35","58.01"
"male","22","2","0","160","67.0","1565.0","234.75","93.9","62.6","1878.0","1.2","1878.0","53.6","0.0","40.3"
"male","24","3","0","160","44.0","1325.0","198.75","79.5","53.0","1590.0","1.2","1590.0","35.2","0.0","44.3"
"male","21","2","0","165","51.0","1441.25","216.19","86.48","57.65","1729.5","1.2","1729.5","40.8","0.0","45.68"
"male","24","3","0","165","114.0","2056.25","308.44","123.38","82.25","2467.5","1.2","2467.5","91.2","0.0","32.18"
"female","41","3","0","157","105.0","1665.25","249.79","99.92","66.61","1998.3","1.2","1998.3","84.0","0.0","15.92"
"female","35","3","0","142","77.0","1321.5","198.22","79.29","52.86","1585.8","1.2","1585.8","61.6","0.0","17.69"
"male","25","3","0","168","113.0","2060.0","309.0","123.6","82.4","2472.0","1.2","2472.0","90.4","0.0","33.2"
"male","28","3","0","168","48.0","1395.0","209.25","83.7","55.8","1674.0","1.2","1674.0","38.4","0.0","45.3"
"female","28","2","1","163","49.0","1207.75","207.58","83.03","55.36","1660.66","1.38","1666.7","39.2","-6.04","43.83"
"female","21","2","2","155","42.0","1122.75","217.53","87.01","58.01","1740.26","1.55","1740.26","33.6","0.0","53.41"
"female","23","3","3","142","55.0","1161.5","250.45","100.18","66.79","2003.58","1.73","2009.4","44.0","-5.82","56.18"
"male","21","3","0","180","78.0","1805.0","270.75","108.3","72.2","2166.0","1.2","2166.0","62.4","0.0","45.9"
"female","51","2","0","152","80.0","1334.0","200.1","80.04","53.36","1600.8","1.2","1600.8","64.0","0.0","16.04"
"male","29","3","0","152","84.0","1650.0","247.5","99.0","66.0","1980.0","1.2","1980.0","67.2","0.0","31.8"
"male","50","2","1","160","68.0","1435.0","246.64","98.66","65.77","1973.13","1.38","1980.3","54.4","-7.17","44.26"
"female","25","2","0","160","54.0","1254.0","188.1","75.24","50.16","1504.8","1.2","1504.8","43.2","0.0","32.04"
"female","23","3","0","157","89.0","1595.25","239.29","95.72","63.81","1914.3","1.2","1914.3","71.2","0.0","24.52"
"female","28","3","0","140","72.0","1294.0","194.1","77.64","51.76","1552.8","1.2","1552.8","57.6","0.0","20.04"
"female","24","3","0","170","59.0","1371.5","205.72","82.29","54.86","1645.8","1.2","1645.8","47.2","0.0","35.09"
"female","21","2","2","165","56.0","1325.25","256.77","102.71","68.47","2054.14","1.55","2054.14","44.8","0.0","57.91"
"female","22","4","0","142","86.0","1476.5","221.48","88.59","59.06","1771.8","1.2","1771.8","68.8","0.0","19.79"
"female","22","4","0","152","95.0","1629.0","244.35","97.74","65.16","1954.8","1.2","1954.8","76.0","0.0","21.74"
"male","30","3","0","170","52.0","1437.5","215.62","86.25","57.5","1725.0","1.2","1725.0","41.6","0.0","44.65"
"female","25","3","0","152","66.0","1324.0","198.6","79.44","52.96","1588.8","1.2","1588.8","52.8","0.0","26.64"
"male","24","2","0","175","66.0","1638.75","245.81","98.32","65.55","1966.5","1.2","1966.5","52.8","0.0","45.52"
"male","18","4","0","173","74.0","1736.25","260.44","104.18","69.45","2083.5","1.2","2083.5","59.2","0.0","44.98"
"female","45","3","0","145","58.0","1100.25","165.04","66.02","44.01","1320.3","1.2","1320.3","46.4","0.0","19.62"
"male","22","2","1","165","62.0","1546.25","265.76","106.3","70.87","2126.1","1.38","2133.83","49.6","-7.73","56.7"
"male","22","3","0","163","60.0","1513.75","227.06","90.82","60.55","1816.5","1.2","1816.5","48.0","0.0","42.82"
"male","21","3","4","180","78.0","1805.0","428.69","171.48","114.32","3429.5","1.9","3429.5","62.4","0.0","109.08"
"male","29","4","0","168","101.0","1920.0","288.0","115.2","76.8","2304.0","1.2","2304.0","80.8","0.0","34.4"
"female","23","3","0","157","61.0","1315.25","197.29","78.92","52.61","1578.3","1.2","1578.3","48.8","0.0","30.12"
"female","44","4","0","137","72.0","1195.25","179.29","71.72","47.81","1434.3","1.2","1434.3","57.6","0.0","14.12"
"male","23","3","0","168","82.0","1760.0","264.0","105.6","70.4","2112.0","1.2","2112.0","65.6","0.0","40.0"
"female","23","3","0","160","43.0","1154.0","173.1","69.24","46.16","1384.8","1.2","1384.8","34.4","0.0","34.84"
"male","53","3","0","170","50.0","1302.5","195.38","78.15","52.1","1563.0","1.2","1563.0","40.0","0.0","38.15"
"male","20","3","0","165","41.0","1346.25","201.94","80.78","53.85","1615.5","1.2","1615.5","32.8","0.0","47.98"
"male","23","3","0","168","61.0","1550.0","232.5","93.0","62.0","1860.0","1.2","1860.0","48.8","0.0","44.2"
"male","22","3","0","180","105.0","2070.0","310.5","124.2","82.8","2484.0","1.2","2484.0","84.0","0.0","40.2"
"male","21","3","0","168","65.0","1600.0","240.0","96.0","64.0","1920.0","1.2","1920.0","52.0","0.0","44.0"
"male","24","3","0","168","93.0","1865.0","279.75","111.9","74.6","2238.0","1.2","2238.0","74.4","0.0","37.5"
"male","35","4","0","152","85.0","1630.0","244.5","97.8","65.2","1956.0","1.2","1956.0","68.0","0.0","29.8"
"male","21","2","0","163","67.0","1588.75","238.31","95.32","63.55","1906.5","1.2","1906.5","53.6","0.0","41.72"
"male","26","2","0","175","63.0","1598.75","239.81","95.92","63.95","1918.5","1.2","1918.5","50.4","0.0","45.52"
"female","44","3","1","163","45.0","1087.75","186.96","74.78","49.86","1495.66","1.38","1501.09","36.0","-5.43","38.78"
"female","47","2","0","163","68.0","1302.75","195.41","78.17","52.11","1563.3","1.2","1563.3","54.4","0.0","23.77"
"female","22","2","1","168","51.0","1289.0","221.55","88.62","59.08","1772.38","1.38","1778.82","40.8","-6.44","47.82"
"male","22","2","0","180","78.0","1800.0","270.0","108.0","72.0","2160.0","1.2","2160.0","62.4","0.0","45.6"
"female","36","3","0","155","40.0","1027.75","154.16","61.66","41.11","1233.3","1.2","1233.3","32.0","0.0","29.66"
"male","22","4","3","165","70.0","1626.25","350.66","140.26","93.51","2805.28","1.73","2813.41","56.0","-8.13","84.26"
"male","26","3","0","168","61.0","1535.0","230.25","92.1","61.4","1842.0","1.2","1842.0","48.8","0.0","43.3"
"male","15","3","4","160","49.0","1420.0","337.25","134.9","89.93","2698.0","1.9","2698.0","39.2","0.0","95.7"
"male","21","2","0","173","80.0","1781.25","267.19","106.88","71.25","2137.5","1.2","2137.5","64.0","0.0","42.88"
"female","54","2","0","145","72.0","1195.25","179.29","71.72","47.81","1434.3","1.2","1434.3","57.6","0.0","14.12"
"male","23","3","3","170","75.0","1702.5","367.1","146.84","97.89","2936.82","1.73","2945.33","60.0","-8.51","86.84"
"male","23","3","1","165","69.0","1611.25","276.93","110.77","73.85","2215.47","1.38","2223.52","55.2","-8.05","55.57"
"female","59","3","4","157","53.0","1055.25","250.62","100.25","66.83","2004.97","1.9","2004.98","42.4","-0.01","57.85"
"male","23","2","0","168","72.0","1660.0","249.0","99.6","66.4","1992.0","1.2","1992.0","57.6","0.0","42.0"
"female","23","4","0","163","42.0","1162.75","174.41","69.76","46.51","1395.3","1.2","1395.3","33.6","0.0","36.16"
"male","31","3","0","157","88.0","1711.25","256.69","102.68","68.45","2053.5","1.2","2053.5","70.4","0.0","32.28"
"male","22","4","0","183","105.0","2088.75","313.31","125.32","83.55","2506.5","1.2","2506.5","84.0","0.0","41.32"
"male","30","3","0","173","54.0","1476.25","221.44","88.58","59.05","1771.5","1.2","1771.5","43.2","0.0","45.38"
"female","22","2","0","173","78.0","1590.25","238.54","95.42","63.61","1908.3","1.2","1908.3","62.4","0.0","33.02"
"female","23","2","0","157","56.0","1265.25","189.79","75.92","50.61","1518.3","1.2","1518.3","44.8","0.0","31.12"
"male","23","2","4","175","82.0","1803.75","428.39","171.36","114.24","3427.13","1.9","3427.13","65.6","0.0","105.76"
"male","26","4","0","157","90.0","1756.25","263.44","105.38","70.25","2107.5","1.2","2107.5","72.0","0.0","33.38"
"male","24","4","3","170","95.0","1897.5","409.15","163.66","109.11","3273.18","1.73","3282.68","76.0","-9.5","87.66"
"female","28","4","0","175","101.0","1802.75","270.41","108.16","72.11","2163.3","1.2","2163.3","80.8","0.0","27.36"
"female","30","3","0","168","79.0","1529.0","229.35","91.74","61.16","1834.8","1.2","1834.8","63.2","0.0","28.54"
"male","22","3","0","173","118.0","2156.25","323.44","129.38","86.25","2587.5","1.2","2587.5","94.4","0.0","34.98"
"male","28","3","0","163","99.0","1873.75","281.06","112.42","74.95","2248.5","1.2","2248.5","79.2","0.0","33.22"
"female","27","4","0","170","68.0","1446.5","216.98","86.79","57.86","1735.8","1.2","1735.8","54.4","0.0","32.39"
"male","20","4","0","152","85.0","1705.0","255.75","102.3","68.2","2046.0","1.2","2046.0","68.0","0.0","34.3"
"male","31","4","0","152","89.0","1690.0","253.5","101.4","67.6","2028.0","1.2","2028.0","71.2","0.0","30.2"
"male","21","2","1","157","69.0","1571.25","270.06","108.02","72.02","2160.47","1.38","2168.33","55.2","-7.86","52.82"
"female","44","3","0","163","48.0","1117.75","167.66","67.06","44.71","1341.3","1.2","1341.3","38.4","0.0","28.66"
"male","23","2","1","173","63.0","1601.25","275.21","110.09","73.39","2201.72","1.38","2209.73","50.4","-8.01","59.69"
"female","24","3","0","157","77.0","1470.25","220.54","88.22","58.81","1764.3","1.2","1764.3","61.6","0.0","26.62"
"male","30","2","0","173","35.0","1286.25","192.94","77.18","51.45","1543.5","1.2","1543.5","28.0","0.0","49.18"
"female","21","3","0","152","89.0","1574.0","236.1","94.44","62.96","1888.8","1.2","1888.8","71.2","0.0","23.24"
"male","22","3","3","168","60.0","1545.0","333.14","133.26","88.84","2665.13","1.73","2672.85","48.0","-7.72","85.26"
"female","30","3","0","140","99.0","1554.0","233.1","93.24","62.16","1864.8","1.2","1864.8","79.2","0.0","14.04"
"male","25","3","0","170","52.0","1462.5","219.38","87.75","58.5","1755.0","1.2","1755.0","41.6","0.0","46.15"
"male","50","3","0","168","51.0","1315.0","197.25","78.9","52.6","1578.0","1.2","1578.0","40.8","0.0","38.1"
"female","38","3","0","160","40.0","1049.0","157.35","62.94","41.96","1258.8","1.2","1258.8","32.0","0.0","30.94"
"female","27","3","0","157","78.0","1465.25","219.79","87.92","58.61","1758.3","1.2","1758.3","62.4","0.0","25.52"
"female","23","3","0","137","73.0","1310.25","196.54","78.61","52.41","1572.3","1.2","1572.3","58.4","0.0","20.21"
"male","21","3","0","170","123.0","2192.5","328.88","131.55","87.7","2631.0","1.2","2631.0","98.4","0.0","33.15"
"female","23","3","0","157","90.0","1605.25","240.79","96.32","64.21","1926.3","1.2","1926.3","72.0","0.0","24.32"
"male","25","3","1","173","100.0","1961.25","337.09","134.84","89.89","2696.72","1.38","2706.52","80.0","-9.8","54.84"
"male","25","3","0","163","110.0","1998.75","299.81","119.92","79.95","2398.5","1.2","2398.5","88.0","0.0","31.92"
"male","22","2","2","170","65.0","1607.5","311.45","124.58","83.05","2491.62","1.55","2491.63","52.0","-0.01","72.58"
"female","23","4","0","157","97.0","1675.25","251.29","100.52","67.01","2010.3","1.2","2010.3","77.6","0.0","22.92"
"male","20","3","0","157","40.0","1286.25","192.94","77.18","51.45","1543.5","1.2","1543.5","32.0","0.0","45.18"
"female","21","2","0","152","52.0","1204.0","180.6","72.24","48.16","1444.8","1.2","1444.8","41.6","0.0","30.64"
"male","22","2","0","145","58.0","1381.25","207.19","82.88","55.25","1657.5","1.2","1657.5","46.4","0.0","36.48"
"male","22","3","0","160","114.0","2035.0","305.25","122.1","81.4","2442.0","1.2","2442.0","91.2","0.0","30.9"
"female","27","3","0","152","97.0","1624.0","243.6","97.44","64.96","1948.8","1.2","1948.8","77.6","0.0","19.84"
"female","21","2","1","155","65.0","1352.75","232.5","93.0","62.0","1860.03","1.38","1866.79","52.0","-6.76","41.0"
"male","32","3","0","155","93.0","1743.75","261.56","104.62","69.75","2092.5","1.2","2092.5","74.4","0.0","30.22"
"female","21","3","0","157","43.0","1145.25","171.79","68.72","45.81","1374.3","1.2","1374.3","34.4","0.0","34.32"
"male","23","3","0","165","47.0","1391.25","208.69","83.48","55.65","1669.5","1.2","1669.5","37.6","0.0","45.88"
"female","22","2","1","150","58.0","1246.5","214.24","85.7","57.13","1713.94","1.38","1720.17","46.4","-6.23","39.3"
"male","29","2","1","173","93.0","1871.25","321.62","128.65","85.77","2572.97","1.38","2582.33","74.4","-9.36","54.25"
"female","61","3","0","152","61.0","1094.0","164.1","65.64","43.76","1312.8","1.2","1312.8","48.8","0.0","16.84"
"male","22","3","1","165","105.0","1976.25","339.67","135.87","90.58","2717.34","1.38","2727.23","84.0","-9.89","51.87"
"male","22","2","0","168","60.0","1545.0","231.75","92.7","61.8","1854.0","1.2","1854.0","48.0","0.0","44.7"
"female","23","3","0","142","84.0","1451.5","217.72","87.09","58.06","1741.8","1.2","1741.8","67.2","0.0","19.89"
"male","23","3","2","178","79.0","1792.5","347.3","138.92","92.61","2778.37","1.55","2778.38","63.2","-0.01","75.72"
"male","22","4","1","168","62.0","1565.0","268.98","107.59","71.73","2151.87","1.38","2159.7","49.6","-7.83","57.99"
"female","22","2","2","157","68.0","1390.25","269.36","107.74","71.83","2154.89","1.55","2154.89","54.4","0.0","53.34"
"male","23","3","0","180","63.0","1645.0","246.75","98.7","65.8","1974.0","1.2","1974.0","50.4","0.0","48.3"
"male","49","3","0","157","89.0","1631.25","244.69","97.88","65.25","1957.5","1.2","1957.5","71.2","0.0","26.68"
"female","27","3","0","157","45.0","1135.25","170.29","68.11","45.41","1362.3","1.2","1362.3","36.0","0.0","32.11"
"female","23","2","2","160","74.0","1464.0","283.65","113.46","75.64","2269.2","1.55","2269.2","59.2","0.0","54.26"
"male","22","3","0","165","43.0","1356.25","203.44","81.38","54.25","1627.5","1.2","1627.5","34.4","0.0","46.98"
"male","29","4","0","175","108.0","2033.75","305.06","122.02","81.35","2440.5","1.2","2440.5","86.4","0.0","35.62"
"male","31","3","0","163","106.0","1928.75","289.31","115.72","77.15","2314.5","1.2","2314.5","84.8","0.0","30.92"
"female","22","2","0","157","80.0","1510.25","226.54","90.62","60.41","1812.3","1.2","1812.3","64.0","0.0","26.62"
"female","50","3","0","142","70.0","1176.5","176.48","70.59","47.06","1411.8","1.2","1411.8","56.0","0.0","14.59"
"female","50","3","0","165","50.0","1120.25","168.04","67.22","44.81","1344.3","1.2","1344.3","40.0","0.0","27.22"
"female","24","4","2","168","60.0","1369.0","265.24","106.1","70.73","2121.96","1.55","2121.95","48.0","0.01","58.1"
"female","20","2","2","165","63.0","1400.25","271.3","108.52","72.35","2170.38","1.55","2170.39","50.4","-0.01","58.12"
"male","24","3","0","165","120.0","2116.25","317.44","126.98","84.65","2539.5","1.2","2539.5","96.0","0.0","30.98"
"female","22","2","0","130","39.0","931.5","139.72","55.89","37.26","1117.8","1.2","1117.8","31.2","0.0","24.69"
"male","40","4","0","183","110.0","2048.75","307.31","122.92","81.95","2458.5","1.2","2458.5","88.0","0.0","34.92"
"male","23","3","1","168","82.0","1760.0","302.5","121.0","80.67","2420.0","1.38","2428.8","65.6","-8.8","55.4"
"male","27","3","0","165","49.0","1391.25","208.69","83.48","55.65","1669.5","1.2","1669.5","39.2","0.0","44.28"
"male","35","3","0","155","88.0","1678.75","251.81","100.72","67.15","2014.5","1.2","2014.5","70.4","0.0","30.32"
"male","27","4","0","160","102.0","1890.0","283.5","113.4","75.6","2268.0","1.2","2268.0","81.6","0.0","31.8"
"male","22","3","0","170","102.0","1977.5","296.62","118.65","79.1","2373.0","1.2","2373.0","81.6","0.0","37.05"
"male","25","2","4","173","78.0","1741.25","413.55","165.42","110.28","3308.38","1.9","3308.38","62.4","0.0","103.02"
"female","47","3","0","142","110.0","1591.5","238.72","95.49","63.66","1909.8","1.2","1909.8","88.0","0.0","7.49"
"female","26","4","2","178","71.0","1531.5","296.73","118.69","79.13","2373.83","1.55","2373.83","56.8","0.0","61.89"
"female","24","3","0","145","86.0","1485.25","222.79","89.12","59.41","1782.3","1.2","1782.3","68.8","0.0","20.32"
"male","23","3","1","173","63.0","1601.25","275.21","110.09","73.39","2201.72","1.38","2209.73","50.4","-8.01","59.69"
"female","28","3","0","157","45.0","1130.25","169.54","67.82","45.21","1356.3","1.2","1356.3","36.0","0.0","31.82"
"female","22","2","0","160","71.0","1439.0","215.85","86.34","57.56","1726.8","1.2","1726.8","56.8","0.0","29.54"
"female","29","4","0","140","72.0","1289.0","193.35","77.34","51.56","1546.8","1.2","1546.8","57.6","0.0","19.74"
"male","28","3","0","157","76.0","1606.25","240.94","96.38","64.25","1927.5","1.2","1927.5","60.8","0.0","35.58"
"female","40","3","0","155","99.0","1597.75","239.66","95.86","63.91","1917.3","1.2","1917.3","79.2","0.0","16.66"
"female","22","3","0","157","87.0","1580.25","237.04","94.82","63.21","1896.3","1.2","1896.3","69.6","0.0","25.22"
"female","20","2","0","163","44.0","1197.75","179.66","71.86","47.91","1437.3","1.2","1437.3","35.2","0.0","36.66"
"male","20","2","1","165","69.0","1626.25","279.51","111.8","74.54","2236.09","1.38","2244.23","55.2","-8.14","56.6"
"male","22","3","2","180","62.0","1640.0","317.75","127.1","84.73","2542.0","1.55","2542.0","49.6","0.0","77.5"
"male","22","4","4","173","70.0","1676.25","398.11","159.24","106.16","3184.87","1.9","3184.88","56.0","-0.01","103.24"
"male","21","3","0","160","45.0","1350.0","202.5","81.0","54.0","1620.0","1.2","1620.0","36.0","0.0","45.0"
"female","47","3","0","145","104.0","1550.25","232.54","93.02","62.01","1860.3","1.2","1860.3","83.2","0.0","9.82"
"male","27","2","1","165","82.0","1721.25","295.84","118.34","78.89","2366.72","1.38","2375.33","65.6","-8.61","52.74"
"male","24","4","2","175","82.0","1798.75","348.51","139.4","92.94","2788.06","1.55","2788.06","65.6","0.0","73.8"
"male","27","3","0","173","111.0","2061.25","309.19","123.68","82.45","2473.5","1.2","2473.5","88.8","0.0","34.88"
"female","18","3","1","170","110.0","1911.5","328.54","131.42","87.61","2628.31","1.38","2637.87","88.0","-9.56","43.42"
"female","31","3","0","160","46.0","1144.0","171.6","68.64","45.76","1372.8","1.2","1372.8","36.8","0.0","31.84"
"female","24","3","0","145","94.0","1565.25","234.79","93.92","62.61","1878.3","1.2","1878.3","75.2","0.0","18.72"
"female","19","4","0","137","71.0","1310.25","196.54","78.61","52.41","1572.3","1.2","1572.3","56.8","0.0","21.81"
"female","28","3","0","152","58.0","1229.0","184.35","73.74","49.16","1474.8","1.2","1474.8","46.4","0.0","27.34"
"male","29","2","0","168","96.0","1870.0","280.5","112.2","74.8","2244.0","1.2","2244.0","76.8","0.0","35.4"
"male","25","3","2","165","79.0","1701.25","329.62","131.85","87.9","2636.94","1.55","2636.94","63.2","0.0","68.65"
"male","20","3","0","168","106.0","2015.0","302.25","120.9","80.6","2418.0","1.2","2418.0","84.8","0.0","36.1"
"male","51","3","0","165","50.0","1281.25","192.19","76.88","51.25","1537.5","1.2","1537.5","40.0","0.0","36.88"
"female","48","3","0","165","109.0","1720.25","258.04","103.22","68.81","2064.3","1.2","2064.3","87.2","0.0","16.02"
"male","24","2","2","170","66.0","1607.5","311.45","124.58","83.05","2491.62","1.55","2491.63","52.8","-0.01","71.78"
"female","36","4","0","142","88.0","1426.5","213.98","85.59","57.06","1711.8","1.2","1711.8","70.4","0.0","15.19"
"male","23","3","1","165","70.0","1621.25","278.65","111.46","74.31","2229.22","1.38","2237.33","56.0","-8.11","55.46"
"male","30","3","0","173","52.0","1456.25","218.44","87.38","58.25","1747.5","1.2","1747.5","41.6","0.0","45.78"
"male","40","3","0","160","108.0","1885.0","282.75","113.1","75.4","2262.0","1.2","2262.0","86.4","0.0","26.7"
"female","22","2","0","163","75.0","1497.75","224.66","89.86","59.91","1797.3","1.2","1797.3","60.0","0.0","29.86"
"male","30","3","0","168","51.0","1415.0","212.25","84.9","56.6","1698.0","1.2","1698.0","40.8","0.0","44.1"
"female","17","2","0","155","56.0","1282.75","192.41","76.96","51.31","1539.3","1.2","1539.3","44.8","0.0","32.16"
"female","26","3","0","145","94.0","1555.25","233.29","93.32","62.21","1866.3","1.2","1866.3","75.2","0.0","18.12"
"female","30","2","0","155","75.0","1407.75","211.16","84.46","56.31","1689.3","1.2","1689.3","60.0","0.0","24.46"
"female","45","3","0","147","92.0","1452.75","217.91","87.16","58.11","1743.3","1.2","1743.3","73.6","0.0","13.56"
"female","22","2","0","155","51.0","1207.75","181.16","72.46","48.31","1449.3","1.2","1449.3","40.8","0.0","31.66"
"female","41","4","0","142","58.0","1101.5","165.22","66.09","44.06","1321.8","1.2","1321.8","46.4","0.0","19.69"
"male","29","3","0","173","105.0","1991.25","298.69","119.48","79.65","2389.5","1.2","2389.5","84.0","0.0","35.48"
"female","22","3","0","152","79.0","1469.0","220.35","88.14","58.76","1762.8","1.2","1762.8","63.2","0.0","24.94"
"female","23","3","3","165","67.0","1425.25","307.32","122.93","81.95","2458.56","1.73","2465.68","53.6","-7.12","69.33"
"male","33","3","0","163","119.0","2048.75","307.31","122.92","81.95","2458.5","1.2","2458.5","95.2","0.0","27.72"
"female","19","3","0","160","85.0","1594.0","239.1","95.64","63.76","1912.8","1.2","1912.8","68.0","0.0","27.64"
"male","27","3","0","168","87.0","1790.0","268.5","107.4","71.6","2148.0","1.2","2148.0","69.6","0.0","37.8"
"male","49","2","1","160","67.0","1430.0","245.78","98.31","65.54","1966.25","1.38","1973.4","53.6","-7.15","44.71"
"male","25","2","0","170","80.0","1742.5","261.38","104.55","69.7","2091.0","1.2","2091.0","64.0","0.0","40.55"
"male","16","3","4","173","69.0","1696.25","402.86","161.14","107.43","3222.87","1.9","3222.88","55.2","-0.01","105.94"
"female","43","4","0","140","77.0","1269.0","190.35","76.14","50.76","1522.8","1.2","1522.8","61.6","0.0","14.54"
"male","24","3","0","157","120.0","2066.25","309.94","123.98","82.65","2479.5","1.2","2479.5","96.0","0.0","27.98"
"male","22","2","0","168","83.0","1775.0","266.25","106.5","71.0","2130.0","1.2","2130.0","66.4","0.0","40.1"
"male","22","3","0","175","98.0","1968.75","295.31","118.12","78.75","2362.5","1.2","2362.5","78.4","0.0","39.72"
"male","23","3","4","170","70.0","1652.5","392.47","156.99","104.66","3139.75","1.9","3139.75","56.0","0.0","100.99"
"female","23","3","0","160","60.0","1324.0","198.6","79.44","52.96","1588.8","1.2","1588.8","48.0","0.0","31.44"
"female","25","4","0","163","65.0","1382.75","207.41","82.96","55.31","1659.3","1.2","1659.3","52.0","0.0","30.96"
"male","23","2","0","163","47.0","1378.75","206.81","82.72","55.15","1654.5","1.2","1654.5","37.6","0.0","45.12"
"female","39","2","1","157","45.0","1075.25","184.81","73.92","49.28","1478.47","1.38","1483.84","36.0","-5.37","37.92"
"male","56","3","0","173","55.0","1356.25","203.44","81.38","54.25","1627.5","1.2","1627.5","44.0","0.0","37.38"
"female","24","3","0","135","85.0","1412.75","211.91","84.76","56.51","1695.3","1.2","1695.3","68.0","0.0","16.76"
"male","42","4","0","155","87.0","1633.75","245.06","98.02","65.35","1960.5","1.2","1960.5","69.6","0.0","28.42"
"female","25","3","1","157","64.0","1335.25","229.5","91.8","61.2","1835.97","1.38","1842.64","51.2","-6.67","40.6"
"male","35","3","0","168","47.0","1350.0","202.5","81.0","54.0","1620.0","1.2","1620.0","37.6","0.0","43.4"
"female","22","2","4","163","49.0","1237.75","293.97","117.59","78.39","2351.73","1.9","2351.73","39.2","0.0","78.39"
"male","55","3","0","155","88.0","1578.75","236.81","94.72","63.15","1894.5","1.2","1894.5","70.4","0.0","24.32"
"male","22","2","0","168","85.0","1795.0","269.25","107.7","71.8","2154.0","1.2","2154.0","68.0","0.0","39.7"
"male","25","3","0","165","112.0","2031.25","304.69","121.88","81.25","2437.5","1.2","2437.5","89.6","0.0","32.28"
"male","21","2","1","168","90.0","1850.0","317.97","127.19","84.79","2543.76","1.38","2553.0","72.0","-9.24","55.19"
"male","20","3","0","168","111.0","2065.0","309.75","123.9","82.6","2478.0","1.2","2478.0","88.8","0.0","35.1"
"male","23","3","2","165","60.0","1521.25","294.74","117.9","78.6","2357.94","1.55","2357.94","48.0","0.0","69.9"
"female","25","4","0","160","95.0","1664.0","249.6","99.84","66.56","1996.8","1.2","1996.8","76.0","0.0","23.84"
"male","19","2","1","160","73.0","1640.0","281.88","112.75","75.17","2255.0","1.38","2263.2","58.4","-8.2","54.35"
"male","23","4","0","173","90.0","1871.25","280.69","112.28","74.85","2245.5","1.2","2245.5","72.0","0.0","40.28"
"female","28","3","0","168","48.0","1229.0","184.35","73.74","49.16","1474.8","1.2","1474.8","38.4","0.0","35.34"
"male","21","4","4","163","85.0","1768.75","420.08","168.03","112.02","3360.62","1.9","3360.63","68.0","-0.01","100.03"
"male","20","2","0","157","66.0","1546.25","231.94","92.78","61.85","1855.5","1.2","1855.5","52.8","0.0","39.98"
"male","23","3","0","160","118.0","2070.0","310.5","124.2","82.8","2484.0","1.2","2484.0","94.4","0.0","29.8"
"female","25","3","0","163","47.0","1202.75","180.41","72.17","48.11","1443.3","1.2","1443.3","37.6","0.0","34.57"
"female","48","2","0","145","60.0","1105.25","165.79","66.32","44.21","1326.3","1.2","1326.3","48.0","0.0","18.32"
"male","27","3","0","175","80.0","1763.75","264.56","105.82","70.55","2116.5","1.2","2116.5","64.0","0.0","41.82"
"male","21","3","0","168","75.0","1700.0","255.0","102.0","68.0","2040.0","1.2","2040.0","60.0","0.0","42.0"
"female","33","2","1","163","48.0","1172.75","201.57","80.63","53.75","1612.53","1.38","1618.4","38.4","-5.87","42.23"
"female","35","3","0","140","91.0","1449.0","217.35","86.94","57.96","1738.8","1.2","1738.8","72.8","0.0","14.14"
"male","23","2","0","178","85.0","1852.5","277.88","111.15","74.1","2223.0","1.2","2223.0","68.0","0.0","43.15"
"female","22","2","0","165","60.0","1360.25","204.04","81.61","54.41","1632.3","1.2","1632.3","48.0","0.0","33.61"
"female","23","3","0","152","50.0","1174.0","176.1","70.44","46.96","1408.8","1.2","1408.8","40.0","0.0","30.44"
"male","24","3","1","165","69.0","1606.25","276.07","110.43","73.62","2208.6","1.38","2216.63","55.2","-8.03","55.23"
"male","21","3","0","173","88.0","1861.25","279.19","111.68","74.45","2233.5","1.2","2233.5","70.4","0.0","41.28"
"female","21","2","0","157","56.0","1275.25","191.29","76.52","51.01","1530.3","1.2","1530.3","44.8","0.0","31.72"
"male","23","3","1","160","43.0","1320.0","226.88","90.75","60.5","1815.0","1.38","1821.6","34.4","-6.6","56.35"
"female","41","2","1","163","47.0","1122.75","192.97","77.19","51.46","1543.78","1.38","1549.4","37.6","-5.62","39.59"
"male","40","3","0","168","116.0","2015.0","302.25","120.9","80.6","2418.0","1.2","2418.0","92.8","0.0","28.1"
"female","21","2","2","155","56.0","1262.75","244.66","97.86","65.24","1957.26","1.55","1957.26","44.8","0.0","53.06"
"male","34","2","0","170","65.0","1547.5","232.12","92.85","61.9","1857.0","1.2","1857.0","52.0","0.0","40.85"
"male","21","2","1","163","68.0","1598.75","274.79","109.91","73.28","2198.28","1.38","2206.27","54.4","-7.99","55.51"
"male","20","2","0","160","65.0","1555.0","233.25","93.3","62.2","1866.0","1.2","1866.0","52.0","0.0","41.3"
"female","50","4","0","155","87.0","1427.75","214.16","85.66","57.11","1713.3","1.2","1713.3","69.6","0.0","16.06"
"male","22","2","0","173","59.0","1566.25","234.94","93.98","62.65","1879.5","1.2","1879.5","47.2","0.0","46.78"
"male","24","3","0","165","47.0","1386.25","207.94","83.18","55.45","1663.5","1.2","1663.5","37.6","0.0","45.58"
"female","47","3","0","163","45.0","1072.75","160.91","64.36","42.91","1287.3","1.2","1287.3","36.0","0.0","28.36"
"female","33","3","0","145","81.0","1390.25","208.54","83.42","55.61","1668.3","1.2","1668.3","64.8","0.0","18.62"
"male","22","2","0","157","45.0","1326.25","198.94","79.58","53.05","1591.5","1.2","1591.5","36.0","0.0","43.58"
"male","26","3","0","170","61.0","1547.5","232.12","92.85","61.9","1857.0","1.2","1857.0","48.8","0.0","44.05"
"male","22","3","1","165","61.0","1536.25","264.04","105.62","70.41","2112.34","1.38","2120.02","48.8","-7.68","56.82"
"female","22","3","1","163","75.0","1497.75","257.43","102.97","68.65","2059.41","1.38","2066.9","60.0","-7.49","42.97"
"male","25","2","0","155","44.0","1288.75","193.31","77.32","51.55","1546.5","1.2","1546.5","35.2","0.0","42.12"
"female","49","3","0","152","84.0","1384.0","207.6","83.04","55.36","1660.8","1.2","1660.8","67.2","0.0","15.84"
"female","21","2","0","152","60.0","1284.0","192.6","77.04","51.36","1540.8","1.2","1540.8","48.0","0.0","29.04"
"female","22","3","0","157","56.0","1270.25","190.54","76.22","50.81","1524.3","1.2","1524.3","44.8","0.0","31.42"
"male","22","4","0","160","101.0","1905.0","285.75","114.3","76.2","2286.0","1.2","2286.0","80.8","0.0","33.5"
"male","26","3","1","168","56.0","1485.0","255.23","102.09","68.06","2041.87","1.38","2049.3","44.8","-7.43","57.29"
"male","33","4","0","163","98.0","1838.75","275.81","110.32","73.55","2206.5","1.2","2206.5","78.4","0.0","31.92"
"female","44","3","0","157","59.0","1190.25","178.54","71.42","47.61","1428.3","1.2","1428.3","47.2","0.0","24.22"
"male","22","3","0","175","78.0","1768.75","265.31","106.12","70.75","2122.5","1.2","2122.5","62.4","0.0","43.72"
"male","25","2","0","168","47.0","1400.0","210.0","84.0","56.0","1680.0","1.2","1680.0","37.6","0.0","46.4"
"male","55","2","0","165","85.0","1611.25","241.69","96.68","64.45","1933.5","1.2","1933.5","68.0","0.0","28.68"
"male","30","3","0","168","57.0","1475.0","221.25","88.5","59.0","1770.0","1.2","1770.0","45.6","0.0","42.9"
"male","25","3","0","168","118.0","2110.0","316.5","126.6","84.4","2532.0","1.2","2532.0","94.4","0.0","32.2"
"male","23","2","3","173","75.0","1721.25","371.14","148.46","98.97","2969.16","1.73","2977.76","60.0","-8.6","88.46"
"male","20","3","0","160","47.0","1375.0","206.25","82.5","55.0","1650.0","1.2","1650.0","37.6","0.0","44.9"
"female","21","3","0","165","62.0","1385.25","207.79","83.12","55.41","1662.3","1.2","1662.3","49.6","0.0","33.52"
"male","30","2","1","163","84.0","1713.75","294.55","117.82","78.55","2356.41","1.38","2364.98","67.2","-8.57","50.62"
"female","40","3","0","163","68.0","1337.75","200.66","80.26","53.51","1605.3","1.2","1605.3","54.4","0.0","25.86"
"male","56","3","0","155","85.0","1543.75","231.56","92.62","61.75","1852.5","1.2","1852.5","68.0","0.0","24.62"
"male","31","4","3","178","78.0","1742.5","375.73","150.29","100.19","3005.82","1.73","3014.53","62.4","-8.71","87.89"
"male","31","2","0","163","68.0","1548.75","232.31","92.92","61.95","1858.5","1.2","1858.5","54.4","0.0","38.52"
"female","25","3","0","155","44.0","1122.75","168.41","67.36","44.91","1347.3","1.2","1347.3","35.2","0.0","32.16"
"female","19","3","0","145","73.0","1380.25","207.04","82.82","55.21","1656.3","1.2","1656.3","58.4","0.0","24.42"
"male","26","3","0","170","120.0","2137.5","320.62","128.25","85.5","2565.0","1.2","2565.0","96.0","0.0","32.25"
"male","26","3","0","168","54.0","1465.0","219.75","87.9","58.6","1758.0","1.2","1758.0","43.2","0.0","44.7"
"male","45","3","1","170","65.0","1492.5","256.52","102.61","68.41","2052.18","1.38","2059.65","52.0","-7.47","50.61"
"male","22","4","3","178","74.0","1747.5","376.8","150.72","100.48","3014.44","1.73","3023.18","59.2","-8.74","91.52"
"male","25","3","0","170","107.0","2012.5","301.88","120.75","80.5","2415.0","1.2","2415.0","85.6","0.0","35.15"
"male","23","3","0","170","75.0","1702.5","255.38","102.15","68.1","2043.0","1.2","2043.0","60.0","0.0","42.15"
"male","25","4","3","173","75.0","1711.25","368.99","147.6","98.4","2951.9","1.73","2960.46","60.0","-8.56","87.6"
"male","23","3","0","170","85.0","1802.5","270.38","108.15","72.1","2163.0","1.2","2163.0","68.0","0.0","40.15"
"female","20","2","0","165","78.0","1550.25","232.54","93.02","62.01","1860.3","1.2","1860.3","62.4","0.0","30.62"
"female","22","3","0","160","45.0","1179.0","176.85","70.74","47.16","1414.8","1.2","1414.8","36.0","0.0","34.74"
"male","27","3","0","168","117.0","2090.0","313.5","125.4","83.6","2508.0","1.2","2508.0","93.6","0.0","31.8"
"male","25","2","4","183","79.0","1813.75","430.77","172.31","114.87","3446.13","1.9","3446.13","63.2","0.0","109.11"
"female","22","3","0","160","65.0","1379.0","206.85","82.74","55.16","1654.8","1.2","1654.8","52.0","0.0","30.74"
"female","29","3","0","142","90.0","1481.5","222.22","88.89","59.26","1777.8","1.2","1777.8","72.0","0.0","16.89"
"male","23","4","0","157","87.0","1741.25","261.19","104.48","69.65","2089.5","1.2","2089.5","69.6","0.0","34.88"
"female","22","3","0","152","93.0","1609.0","241.35","96.54","64.36","1930.8","1.2","1930.8","74.4","0.0","22.14"
"male","25","2","2","160","70.0","1580.0","306.12","122.45","81.63","2449.0","1.55","2449.0","56.0","0.0","66.45"
"female","46","2","1","160","46.0","1069.0","183.73","73.49","49.0","1469.88","1.38","1475.22","36.8","-5.34","36.69"
"male","25","3","0","160","118.0","2060.0","309.0","123.6","82.4","2472.0","1.2","2472.0","94.4","0.0","29.2"
"male","28","2","0","165","49.0","1386.25","207.94","83.18","55.45","1663.5","1.2","1663.5","39.2","0.0","43.98"
"male","24","3","0","165","99.0","1906.25","285.94","114.38","76.25","2287.5","1.2","2287.5","79.2","0.0","35.18"
"male","30","3","0","173","70.0","1636.25","245.44","98.18","65.45","1963.5","1.2","1963.5","56.0","0.0","42.18"
"male","25","3","0","157","88.0","1741.25","261.19","104.48","69.65","2089.5","1.2","2089.5","70.4","0.0","34.08"
"female","52","3","0","163","90.0","1497.75","224.66","89.86","59.91","1797.3","1.2","1797.3","72.0","0.0","17.86"
"male","29","3","0","168","52.0","1430.0","214.5","85.8","57.2","1716.0","1.2","1716.0","41.6","0.0","44.2"
"male","23","3","0","170","68.0","1632.5","244.88","97.95","65.3","1959.0","1.2","1959.0","54.4","0.0","43.55"
"male","22","2","0","165","78.0","1706.25","255.94","102.38","68.25","2047.5","1.2","2047.5","62.4","0.0","39.98"
"male","24","3","0","160","43.0","1315.0","197.25","78.9","52.6","1578.0","1.2","1578.0","34.4","0.0","44.5"
"female","27","2","0","157","77.0","1455.25","218.29","87.32","58.21","1746.3","1.2","1746.3","61.6","0.0","25.72"
"female","28","4","0","160","92.0","1619.0","242.85","97.14","64.76","1942.8","1.2","1942.8","73.6","0.0","23.54"
"male","22","3","0","163","113.0","2043.75","306.56","122.62","81.75","2452.5","1.2","2452.5","90.4","0.0","32.22"
"female","25","3","0","137","74.0","1310.25","196.54","78.61","52.41","1572.3","1.2","1572.3","59.2","0.0","19.41"
"male","26","2","0","168","68.0","1605.0","240.75","96.3","64.2","1926.0","1.2","1926.0","54.4","0.0","41.9"
"female","60","2","0","157","79.0","1310.25","196.54","78.61","52.41","1572.3","1.2","1572.3","63.2","0.0","15.41"
"female","30","2","0","155","80.0","1457.75","218.66","87.46","58.31","1749.3","1.2","1749.3","64.0","0.0","23.46"
"female","25","3","0","178","132.0","2146.5","321.98","128.79","85.86","2575.8","1.2","2575.8","105.6","0.0","23.19"
"female","29","3","0","145","93.0","1530.25","229.54","91.82","61.21","1836.3","1.2","1836.3","74.4","0.0","17.42"
"male","38","3","0","157","102.0","1816.25","272.44","108.98","72.65","2179.5","1.2","2179.5","81.6","0.0","27.38"
"female","23","3","0","150","49.0","1151.5","172.72","69.09","46.06","1381.8","1.2","1381.8","39.2","0.0","29.89"
"male","23","3","0","175","110.0","2083.75","312.56","125.02","83.35","2500.5","1.2","2500.5","88.0","0.0","37.02"
"female","41","4","0","142","68.0","1201.5","180.22","72.09","48.06","1441.8","1.2","1441.8","54.4","0.0","17.69"
"male","29","2","0","160","80.0","1660.0","249.0","99.6","66.4","1992.0","1.2","1992.0","64.0","0.0","35.6"
"male","20","3","0","163","77.0","1693.75","254.06","101.62","67.75","2032.5","1.2","2032.5","61.6","0.0","40.02"
"male","23","2","0","178","56.0","1562.5","234.38","93.75","62.5","1875.0","1.2","1875.0","44.8","0.0","48.95"
"female","21","3","0","132","50.0","1059.0","158.85","63.54","42.36","1270.8","1.2","1270.8","40.0","0.0","23.54"
"female","19","2","0","142","67.0","1301.5","195.22","78.09","52.06","1561.8","1.2","1561.8","53.6","0.0","24.49"
"male","20","3","0","165","40.0","1336.25","200.44","80.18","53.45","1603.5","1.2","1603.5","32.0","0.0","48.18"
"female","31","3","0","160","80.0","1484.0","222.6","89.04","59.36","1780.8","1.2","1780.8","64.0","0.0","25.04"
"female","22","2","1","142","58.0","1196.5","205.65","82.26","54.84","1645.19","1.38","1651.17","46.4","-5.98","35.86"
"male","24","3","1","168","64.0","1575.0","270.7","108.28","72.19","2165.63","1.38","2173.5","51.2","-7.87","57.08"
"male","39","3","0","170","50.0","1372.5","205.88","82.35","54.9","1647.0","1.2","1647.0","40.0","0.0","42.35"
"female","36","3","0","160","47.0","1129.0","169.35","67.74","45.16","1354.8","1.2","1354.8","37.6","0.0","30.14"
"male","24","3","0","168","75.0","1685.0","252.75","101.1","67.4","2022.0","1.2","2022.0","60.0","0.0","41.1"
"male","23","2","0","178","91.0","1912.5","286.88","114.75","76.5","2295.0","1.2","2295.0","72.8","0.0","41.95"
"male","27","2","0","168","98.0","1900.0","285.0","114.0","76.0","2280.0","1.2","2280.0","78.4","0.0","35.6"
"female","23","3","0","163","68.0","1422.75","213.41","85.36","56.91","1707.3","1.2","1707.3","54.4","0.0","30.96"
"male","23","3","2","168","80.0","1740.0","337.12","134.85","89.9","2697.0","1.55","2697.0","64.0","0.0","70.85"
"male","23","3","0","160","93.0","1820.0","273.0","109.2","72.8","2184.0","1.2","2184.0","74.4","0.0","34.8"
"male","22","4","1","178","86.0","1867.5","320.98","128.39","85.59","2567.82","1.38","2577.15","68.8","-9.33","59.59"
"male","22","3","0","160","116.0","2055.0","308.25","123.3","82.2","2466.0","1.2","2466.0","92.8","0.0","30.5"
"male","22","3","4","180","76.0","1780.0","422.75","169.1","112.73","3382.0","1.9","3382.0","60.8","0.0","108.3"
"female","18","3","0","165","45.0","1230.25","184.54","73.82","49.21","1476.3","1.2","1476.3","36.0","0.0","37.82"
"male","26","3","0","165","47.0","1376.25","206.44","82.58","55.05","1651.5","1.2","1651.5","37.6","0.0","44.98"
"female","27","3","0","163","45.0","1172.75","175.91","70.36","46.91","1407.3","1.2","1407.3","36.0","0.0","34.36"
"female","38","2","0","160","79.0","1439.0","215.85","86.34","57.56","1726.8","1.2","1726.8","63.2","0.0","23.14"
"male","29","3","0","157","88.0","1721.25","258.19","103.28","68.85","2065.5","1.2","2065.5","70.4","0.0","32.88"
"male","23","2","4","168","69.0","1630.0","387.12","154.85","103.23","3097.0","1.9","3097.0","55.2","0.0","99.65"
"female","20","3","0","157","90.0","1620.25","243.04","97.22","64.81","1944.3","1.2","1944.3","72.0","0.0","25.22"
"female","23","3","0","157","63.0","1335.25","200.29","80.11","53.41","1602.3","1.2","1602.3","50.4","0.0","29.71"
"female","18","3","0","160","45.0","1199.0","179.85","71.94","47.96","1438.8","1.2","1438.8","36.0","0.0","35.94"
"female","43","3","0","142","108.0","1591.5","238.72","95.49","63.66","1909.8","1.2","1909.8","86.4","0.0","9.09"
"female","21","3","0","132","47.0","1029.0","154.35","61.74","41.16","1234.8","1.2","1234.8","37.6","0.0","24.14"
"female","26","4","0","152","57.0","1229.0","184.35","73.74","49.16","1474.8","1.2","1474.8","45.6","0.0","28.14"
"female","22","2","1","163","46.0","1207.75","207.58","83.03","55.36","1660.66","1.38","1666.7","36.8","-6.04","46.23"
"male","22","3","0","180","78.0","1800.0","270.0","108.0","72.0","2160.0","1.2","2160.0","62.4","0.0","45.6"
"male","27","4","0","170","115.0","2082.5","312.38","124.95","83.3","2499.0","1.2","2499.0","92.0","0.0","32.95"
"male","24","3","2","165","66.0","1576.25","305.4","122.16","81.44","2443.19","1.55","2443.19","52.8","0.0","69.36"
"male","23","3","0","170","101.0","1962.5","294.38","117.75","78.5","2355.0","1.2","2355.0","80.8","0.0","36.95"
"male","23","4","1","140","69.0","1455.0","250.08","100.03","66.69","2000.63","1.38","2007.9","55.2","-7.27","44.83"
"female","21","3","1","173","60.0","1415.25","243.25","97.3","64.87","1945.97","1.38","1953.04","48.0","-7.07","49.3"
"female","21","4","0","140","76.0","1369.0","205.35","82.14","54.76","1642.8","1.2","1642.8","60.8","0.0","21.34"
"male","24","2","1","168","77.0","1705.0","293.05","117.22","78.15","2344.38","1.38","2352.9","61.6","-8.52","55.62"
"male","23","3","0","163","58.0","1488.75","223.31","89.32","59.55","1786.5","1.2","1786.5","46.4","0.0","42.92"
"male","36","3","0","157","90.0","1706.25","255.94","102.38","68.25","2047.5","1.2","2047.5","72.0","0.0","30.38"
"female","40","2","1","163","48.0","1137.75","195.55","78.22","52.15","1564.41","1.38","1570.09","38.4","-5.68","39.82"
"male","21","3","4","168","62.0","1570.0","372.88","149.15","99.43","2983.0","1.9","2983.0","49.6","0.0","99.55"
"female","21","2","0","145","62.0","1260.25","189.04","75.61","50.41","1512.3","1.2","1512.3","49.6","0.0","26.01"
"male","23","4","0","173","108.0","2051.25","307.69","123.08","82.05","2461.5","1.2","2461.5","86.4","0.0","36.68"
"female","21","3","0","170","45.0","1246.5","186.98","74.79","49.86","1495.8","1.2","1495.8","36.0","0.0","38.79"
"female","33","3","0","160","42.0","1094.0","164.1","65.64","43.76","1312.8","1.2","1312.8","33.6","0.0","32.04"
"female","40","3","0","155","43.0","1037.75","155.66","62.26","41.51","1245.3","1.2","1245.3","34.4","0.0","27.86"
"male","21","3","1","165","64.0","1571.25","270.06","108.02","72.02","2160.47","1.38","2168.33","51.2","-7.86","56.82"
"female","20","3","4","165","61.0","1380.25","327.81","131.12","87.42","2622.48","1.9","2622.48","48.8","0.0","82.32"
"male","20","4","4","173","65.0","1636.25","388.61","155.44","103.63","3108.87","1.9","3108.88","52.0","-0.01","103.44"
"female","23","2","0","155","63.0","1322.75","198.41","79.36","52.91","1587.3","1.2","1587.3","50.4","0.0","28.96"
"male","25","3","0","157","108.0","1941.25","291.19","116.48","77.65","2329.5","1.2","2329.5","86.4","0.0","30.08"
"female","30","3","0","152","72.0","1359.0","203.85","81.54","54.36","1630.8","1.2","1630.8","57.6","0.0","23.94"
"female","24","3","1","150","59.0","1246.5","214.24","85.7","57.13","1713.94","1.38","1720.17","47.2","-6.23","38.5"
"female","26","3","0","160","46.0","1169.0","175.35","70.14","46.76","1402.8","1.2","1402.8","36.8","0.0","33.34"
"male","58","3","0","165","50.0","1246.25","186.94","74.78","49.85","1495.5","1.2","1495.5","40.0","0.0","34.78"
"female","22","3","1","160","60.0","1329.0","228.42","91.37","60.91","1827.37","1.38","1834.02","48.0","-6.65","43.37"
"female","38","3","0","157","44.0","1070.25","160.54","64.22","42.81","1284.3","1.2","1284.3","35.2","0.0","29.02"
"female","25","3","0","147","50.0","1132.75","169.91","67.96","45.31","1359.3","1.2","1359.3","40.0","0.0","27.96"
"male","22","4","0","163","103.0","1943.75","291.56","116.62","77.75","2332.5","1.2","2332.5","82.4","0.0","34.22"
"male","27","2","1","165","83.0","1731.25","297.56","119.02","79.35","2380.47","1.38","2389.13","66.4","-8.66","52.62"
"female","25","3","0","157","93.0","1625.25","243.79","97.52","65.01","1950.3","1.2","1950.3","74.4","0.0","23.12"
"male","22","3","0","163","40.0","1313.75","197.06","78.82","52.55","1576.5","1.2","1576.5","32.0","0.0","46.82"
"male","47","2","0","188","105.0","1995.0","299.25","119.7","79.8","2394.0","1.2","2394.0","84.0","0.0","35.7"
"female","25","3","0","152","99.0","1654.0","248.1","99.24","66.16","1984.8","1.2","1984.8","79.2","0.0","20.04"
"female","28","3","0","145","85.0","1455.25","218.29","87.32","58.21","1746.3","1.2","1746.3","68.0","0.0","19.32"
"male","22","3","0","155","113.0","1993.75","299.06","119.62","79.75","2392.5","1.2","2392.5","90.4","0.0","29.22"
"female","22","2","0","157","78.0","1490.25","223.54","89.42","59.61","1788.3","1.2","1788.3","62.4","0.0","27.02"
"male","28","3","0","175","122.0","2178.75","326.81","130.72","87.15","2614.5","1.2","2614.5","97.6","0.0","33.12"
"female","22","3","0","157","75.0","1460.25","219.04","87.62","58.41","1752.3","1.2","1752.3","60.0","0.0","27.62"
"female","22","2","4","157","70.0","1410.25","334.93","133.97","89.32","2679.48","1.9","2679.48","56.0","0.0","77.97"
"male","22","2","1","173","82.0","1796.25","308.73","123.49","82.33","2469.84","1.38","2478.83","65.6","-8.99","57.89"
"female","50","3","0","157","78.0","1350.25","202.54","81.02","54.01","1620.3","1.2","1620.3","62.4","0.0","18.62"
"female","47","3","0","157","68.0","1265.25","189.79","75.92","50.61","1518.3","1.2","1518.3","54.4","0.0","21.52"
"male","23","3","0","165","49.0","1411.25","211.69","84.68","56.45","1693.5","1.2","1693.5","39.2","0.0","45.48"
"male","25","3","1","165","84.0","1751.25","301.0","120.4","80.27","2407.97","1.38","2416.73","67.2","-8.76","53.2"
"female","32","2","1","152","46.0","1089.0","187.17","74.87","49.91","1497.37","1.38","1502.82","36.8","-5.45","38.07"
"female","22","3","0","147","92.0","1567.75","235.16","94.06","62.71","1881.3","1.2","1881.3","73.6","0.0","20.46"
"male","24","2","1","175","87.0","1848.75","317.75","127.1","84.73","2542.03","1.38","2551.27","69.6","-9.24","57.5"
"female","43","2","1","140","50.0","999.0","171.7","68.68","45.79","1373.62","1.38","1378.62","40.0","-5.0","28.68"
"female","39","2","0","160","80.0","1444.0","216.6","86.64","57.76","1732.8","1.2","1732.8","64.0","0.0","22.64"
"male","23","3","3","183","85.0","1883.75","406.18","162.47","108.32","3249.47","1.73","3258.89","68.0","-9.42","94.47"
"male","20","3","0","168","50.0","1455.0","218.25","87.3","58.2","1746.0","1.2","1746.0","40.0","0.0","47.3"
"male","26","3","0","168","95.0","1875.0","281.25","112.5","75.0","2250.0","1.2","2250.0","76.0","0.0","36.5"
"male","30","2","0","163","80.0","1673.75","251.06","100.42","66.95","2008.5","1.2","2008.5","64.0","0.0","36.42"
"female","21","2","1","157","69.0","1405.25","241.53","96.61","64.41","1932.22","1.38","1939.25","55.2","-7.03","41.41"
"male","27","4","0","178","98.0","1962.5","294.38","117.75","78.5","2355.0","1.2","2355.0","78.4","0.0","39.35"
"female","22","3","0","160","47.0","1199.0","179.85","71.94","47.96","1438.8","1.2","1438.8","37.6","0.0","34.34"
"male","30","3","0","170","98.0","1897.5","284.62","113.85","75.9","2277.0","1.2","2277.0","78.4","0.0","35.45"
"male","28","3","1","168","86.0","1775.0","305.08","122.03","81.35","2440.62","1.38","2449.5","68.8","-8.88","53.23"
"male","26","3","0","168","65.0","1575.0","236.25","94.5","63.0","1890.0","1.2","1890.0","52.0","0.0","42.5"
"male","23","4","2","157","70.0","1571.25","304.43","121.77","81.18","2435.44","1.55","2435.44","56.0","0.0","65.77"
"female","24","3","0","155","65.0","1337.75","200.66","80.26","53.51","1605.3","1.2","1605.3","52.0","0.0","28.26"
"female","32","3","0","142","94.0","1506.5","225.98","90.39","60.26","1807.8","1.2","1807.8","75.2","0.0","15.19"
"female","25","2","0","163","77.0","1502.75","225.41","90.16","60.11","1803.3","1.2","1803.3","61.6","0.0","28.56"
"male","29","3","0","168","89.0","1800.0","270.0","108.0","72.0","2160.0","1.2","2160.0","71.2","0.0","36.8"
"male","22","3","0","163","40.0","1313.75","197.06","78.82","52.55","1576.5","1.2","1576.5","32.0","0.0","46.82"
"female","21","2","0","150","68.0","1351.5","202.72","81.09","54.06","1621.8","1.2","1621.8","54.4","0.0","26.69"
"male","23","2","0","160","70.0","1590.0","238.5","95.4","63.6","1908.0","1.2","1908.0","56.0","0.0","39.4"
"male","25","3","1","170","90.0","1842.5","316.68","126.67","84.45","2533.44","1.38","2542.65","72.0","-9.21","54.67"
"female","25","3","0","145","93.0","1550.25","232.54","93.02","62.01","1860.3","1.2","1860.3","74.4","0.0","18.62"
"female","27","3","0","155","76.0","1432.75","214.91","85.96","57.31","1719.3","1.2","1719.3","60.8","0.0","25.16"
"male","24","3","0","165","116.0","2076.25","311.44","124.58","83.05","2491.5","1.2","2491.5","92.8","0.0","31.78"
"male","22","4","1","183","92.0","1958.75","336.66","134.66","89.78","2693.28","1.38","2703.08","73.6","-9.8","61.06"
"female","25","3","2","160","76.0","1474.0","285.59","114.24","76.16","2284.7","1.55","2284.7","60.8","0.0","53.44"
"male","35","3","0","170","50.0","1392.5","208.88","83.55","55.7","1671.0","1.2","1671.0","40.0","0.0","43.55"
"female","19","2","2","157","69.0","1415.25","274.2","109.68","73.12","2193.64","1.55","2193.64","55.2","0.0","54.48"
"male","21","4","0","178","69.0","1702.5","255.38","102.15","68.1","2043.0","1.2","2043.0","55.2","0.0","46.95"
"female","28","3","0","145","93.0","1535.25","230.29","92.12","61.41","1842.3","1.2","1842.3","74.4","0.0","17.72"
"male","23","3","0","170","69.0","1642.5","246.38","98.55","65.7","1971.0","1.2","1971.0","55.2","0.0","43.35"
"female","43","2","1","155","70.0","1292.75","222.19","88.88","59.25","1777.53","1.38","1784.0","56.0","-6.47","32.88"
"female","18","3","1","163","47.0","1237.75","212.74","85.1","56.73","1701.9","1.38","1708.09","37.6","-6.19","47.5"
"male","26","3","0","170","51.0","1447.5","217.12","86.85","57.9","1737.0","1.2","1737.0","40.8","0.0","46.05"
"female","32","4","1","157","97.0","1630.25","280.2","112.08","74.72","2241.6","1.38","2249.75","77.6","-8.15","34.48"
"male","21","3","4","175","72.0","1713.75","407.02","162.81","108.54","3256.13","1.9","3256.13","57.6","0.0","105.21"
"male","24","3","0","160","109.0","1975.0","296.25","118.5","79.0","2370.0","1.2","2370.0","87.2","0.0","31.3"
"female","25","3","2","163","84.0","1572.75","304.72","121.89","81.26","2437.76","1.55","2437.76","67.2","0.0","54.69"
"female","22","4","0","160","63.0","1359.0","203.85","81.54","54.36","1630.8","1.2","1630.8","50.4","0.0","31.14"
"female","22","2","1","157","40.0","1110.25","190.82","76.33","50.89","1526.59","1.38","1532.15","32.0","-5.56","44.33"
"male","25","3","0","165","97.0","1881.25","282.19","112.88","75.25","2257.5","1.2","2257.5","77.6","0.0","35.28"
"male","21","3","0","155","100.0","1868.75","280.31","112.12","74.75","2242.5","1.2","2242.5","80.0","0.0","32.12"
"male","22","3","2","168","63.0","1575.0","305.16","122.06","81.38","2441.25","1.55","2441.25","50.4","0.0","71.66"
"female","32","3","0","163","41.0","1107.75","166.16","66.46","44.31","1329.3","1.2","1329.3","32.8","0.0","33.66"
"female","20","4","0","163","50.0","1257.75","188.66","75.46","50.31","1509.3","1.2","1509.3","40.0","0.0","35.46"
"male","24","2","0","178","74.0","1737.5","260.62","104.25","69.5","2085.0","1.2","2085.0","59.2","0.0","45.05"
"female","46","3","4","157","64.0","1230.25","292.18","116.87","77.92","2337.48","1.9","2337.48","51.2","0.0","65.67"
"female","28","3","0","145","97.0","1575.25","236.29","94.52","63.01","1890.3","1.2","1890.3","77.6","0.0","16.92"
"female","22","4","1","155","43.0","1127.75","193.83","77.53","51.69","1550.66","1.38","1556.29","34.4","-5.63","43.13"
"male","25","3","0","163","99.0","1888.75","283.31","113.32","75.55","2266.5","1.2","2266.5","79.2","0.0","34.12"
"male","33","3","0","155","87.0","1678.75","251.81","100.72","67.15","2014.5","1.2","2014.5","69.6","0.0","31.12"
"male","37","3","0","157","114.0","1941.25","291.19","116.48","77.65","2329.5","1.2","2329.5","91.2","0.0","25.28"
"male","23","3","2","175","80.0","1783.75","345.6","138.24","92.16","2764.81","1.55","2764.81","64.0","0.0","74.24"
"male","30","3","0","163","82.0","1693.75","254.06","101.62","67.75","2032.5","1.2","2032.5","65.6","0.0","36.02"
"female","43","3","0","152","99.0","1564.0","234.6","93.84","62.56","1876.8","1.2","1876.8","79.2","0.0","14.64"
"male","22","3","0","165","63.0","1556.25","233.44","93.38","62.25","1867.5","1.2","1867.5","50.4","0.0","42.98"
"male","23","3","3","173","71.0","1681.25","362.52","145.01","96.67","2900.16","1.73","2908.56","56.8","-8.4","88.21"
"male","22","2","0","168","49.0","1435.0","215.25","86.1","57.4","1722.0","1.2","1722.0","39.2","0.0","46.9"
"male","24","3","0","173","78.0","1746.25","261.94","104.78","69.85","2095.5","1.2","2095.5","62.4","0.0","42.38"
"male","27","4","0","170","105.0","1982.5","297.38","118.95","79.3","2379.0","1.2","2379.0","84.0","0.0","34.95"
"male","46","3","0","163","103.0","1823.75","273.56","109.42","72.95","2188.5","1.2","2188.5","82.4","0.0","27.02"
"male","22","4","0","157","97.0","1846.25","276.94","110.78","73.85","2215.5","1.2","2215.5","77.6","0.0","33.18"
"male","30","3","0","168","50.0","1405.0","210.75","84.3","56.2","1686.0","1.2","1686.0","40.0","0.0","44.3"
"male","21","3","0","160","47.0","1370.0","205.5","82.2","54.8","1644.0","1.2","1644.0","37.6","0.0","44.6"
"male","23","2","2","168","67.0","1610.0","311.94","124.78","83.18","2495.5","1.55","2495.5","53.6","0.0","71.18"
"male","23","3","0","163","116.0","2068.75","310.31","124.12","82.75","2482.5","1.2","2482.5","92.8","0.0","31.32"
"female","23","2","0","157","50.0","1205.25","180.79","72.32","48.21","1446.3","1.2","1446.3","40.0","0.0","32.32"
"male","29","3","0","168","102.0","1930.0","289.5","115.8","77.2","2316.0","1.2","2316.0","81.6","0.0","34.2"
"female","35","3","0","152","40.0","1014.0","152.1","60.84","40.56","1216.8","1.2","1216.8","32.0","0.0","28.84"
"male","42","2","0","163","68.0","1493.75","224.06","89.62","59.75","1792.5","1.2","1792.5","54.4","0.0","35.22"
"female","26","3","1","165","58.0","1320.25","226.92","90.77","60.51","1815.34","1.38","1821.95","46.4","-6.61","44.37"
"male","26","3","0","160","110.0","1975.0","296.25","118.5","79.0","2370.0","1.2","2370.0","88.0","0.0","30.5"
"female","36","3","0","160","46.0","1119.0","167.85","67.14","44.76","1342.8","1.2","1342.8","36.8","0.0","30.34"
"female","29","3","0","145","88.0","1480.25","222.04","88.82","59.21","1776.3","1.2","1776.3","70.4","0.0","18.42"
"female","31","2","0","155","73.0","1382.75","207.41","82.96","55.31","1659.3","1.2","1659.3","58.4","0.0","24.56"
"male","21","2","0","130","56.0","1272.5","190.88","76.35","50.9","1527.0","1.2","1527.0","44.8","0.0","31.55"
"male","21","3","0","160","42.0","1320.0","198.0","79.2","52.8","1584.0","1.2","1584.0","33.6","0.0","45.6"
"male","31","3","0","168","51.0","1410.0","211.5","84.6","56.4","1692.0","1.2","1692.0","40.8","0.0","43.8"
"male","22","3","0","168","110.0","2045.0","306.75","122.7","81.8","2454.0","1.2","2454.0","88.0","0.0","34.7"
"male","21","3","0","165","80.0","1731.25","259.69","103.88","69.25","2077.5","1.2","2077.5","64.0","0.0","39.88"
"male","33","2","0","163","49.0","1348.75","202.31","80.92","53.95","1618.5","1.2","1618.5","39.2","0.0","41.72"
"male","23","3","2","165","75.0","1671.25","323.8","129.52","86.35","2590.44","1.55","2590.44","60.0","0.0","69.52"
"male","22","3","0","168","105.0","1995.0","299.25","119.7","79.8","2394.0","1.2","2394.0","84.0","0.0","35.7"
"female","24","4","1","168","81.0","1579.0","271.39","108.56","72.37","2171.13","1.38","2179.02","64.8","-7.89","43.76"
"male","23","3","0","163","44.0","1348.75","202.31","80.92","53.95","1618.5","1.2","1618.5","35.2","0.0","45.72"
"male","22","3","0","157","117.0","2046.25","306.94","122.78","81.85","2455.5","1.2","2455.5","93.6","0.0","29.18"
"male","22","2","0","163","67.0","1583.75","237.56","95.02","63.35","1900.5","1.2","1900.5","53.6","0.0","41.42"
"female","24","2","0","160","65.0","1369.0","205.35","82.14","54.76","1642.8","1.2","1642.8","52.0","0.0","30.14"
"male","20","3","0","173","114.0","2126.25","318.94","127.58","85.05","2551.5","1.2","2551.5","91.2","0.0","36.38"
"female","38","3","0","152","65.0","1249.0","187.35","74.94","49.96","1498.8","1.2","1498.8","52.0","0.0","22.94"
"male","25","3","0","165","40.0","1311.25","196.69","78.68","52.45","1573.5","1.2","1573.5","32.0","0.0","46.68"
"male","22","2","1","168","68.0","1625.0","279.3","111.72","74.48","2234.38","1.38","2242.5","54.4","-8.12","57.32"
"male","15","2","2","183","95.0","2023.75","392.1","156.84","104.56","3136.81","1.55","3136.81","76.0","0.0","80.84"
"male","23","3","2","170","91.0","1862.5","360.86","144.34","96.23","2886.87","1.55","2886.88","72.8","-0.01","71.54"
"male","22","3","0","170","53.0","1487.5","223.12","89.25","59.5","1785.0","1.2","1785.0","42.4","0.0","46.85"
"female","32","3","0","155","43.0","1077.75","161.66","64.67","43.11","1293.3","1.2","1293.3","34.4","0.0","30.27"
"male","26","3","0","178","90.0","1887.5","283.12","113.25","75.5","2265.0","1.2","2265.0","72.0","0.0","41.25"
"female","23","4","0","170","56.0","1346.5","201.98","80.79","53.86","1615.8","1.2","1615.8","44.8","0.0","35.99"
"male","22","3","0","163","71.0","1623.75","243.56","97.42","64.95","1948.5","1.2","1948.5","56.8","0.0","40.62"
"male","24","3","0","163","120.0","2103.75","315.56","126.22","84.15","2524.5","1.2","2524.5","96.0","0.0","30.22"
"male","23","4","4","173","68.0","1651.25","392.17","156.87","104.58","3137.38","1.9","3137.38","54.4","0.0","102.47"
"male","22","3","0","173","74.0","1716.25","257.44","102.98","68.65","2059.5","1.2","2059.5","59.2","0.0","43.78"
"male","28","2","0","168","52.0","1435.0","215.25","86.1","57.4","1722.0","1.2","1722.0","41.6","0.0","44.5"
"female","22","2","0","163","67.0","1417.75","212.66","85.06","56.71","1701.3","1.2","1701.3","53.6","0.0","31.46"
"female","21","2","0","157","46.0","1175.25","176.29","70.52","47.01","1410.3","1.2","1410.3","36.8","0.0","33.72"
"male","31","4","0","155","87.0","1688.75","253.31","101.32","67.55","2026.5","1.2","2026.5","69.6","0.0","31.72"
"female","22","2","0","165","52.0","1280.25","192.04","76.82","51.21","1536.3","1.2","1536.3","41.6","0.0","35.22"
"female","40","3","0","157","45.0","1070.25","160.54","64.22","42.81","1284.3","1.2","1284.3","36.0","0.0","28.22"
"male","27","4","1","185","105.0","2076.25","356.86","142.74","95.16","2854.84","1.38","2865.23","84.0","-10.39","58.74"
"male","22","3","3","170","62.0","1577.5","340.15","136.06","90.71","2721.18","1.73","2729.08","49.6","-7.9","86.46"
"male","23","3","0","165","82.0","1741.25","261.19","104.48","69.65","2089.5","1.2","2089.5","65.6","0.0","38.88"
"female","23","2","4","152","51.0","1184.0","281.2","112.48","74.99","2249.6","1.9","2249.6","40.8","0.0","71.68"
"male","23","2","0","170","70.0","1652.5","247.88","99.15","66.1","1983.0","1.2","1983.0","56.0","0.0","43.15"
"male","23","4","4","180","74.0","1755.0","416.81","166.72","111.15","3334.5","1.9","3334.5","59.2","0.0","107.52"
"female","23","3","0","157","41.0","1115.25","167.29","66.92","44.61","1338.3","1.2","1338.3","32.8","0.0","34.12"
"female","21","3","0","168","45.0","1234.0","185.1","74.04","49.36","1480.8","1.2","1480.8","36.0","0.0","38.04"
"male","23","3","1","173","58.0","1551.25","266.62","106.65","71.1","2132.97","1.38","2140.73","46.4","-7.76","60.25"
"male","22","4","3","175","75.0","1738.75","374.92","149.97","99.98","2999.34","1.73","3008.04","60.0","-8.7","89.97"
"male","26","4","1","180","134.0","2340.0","402.19","160.88","107.25","3217.5","1.38","3229.2","107.2","-11.7","53.68"
"male","23","3","1","165","82.0","1741.25","299.28","119.71","79.81","2394.22","1.38","2402.92","65.6","-8.7","54.11"
"male","24","3","0","165","45.0","1366.25","204.94","81.98","54.65","1639.5","1.2","1639.5","36.0","0.0","45.98"
"male","39","4","0","152","90.0","1660.0","249.0","99.6","66.4","1992.0","1.2","1992.0","72.0","0.0","27.6"
"male","29","3","0","175","76.0","1713.75","257.06","102.82","68.55","2056.5","1.2","2056.5","60.8","0.0","42.02"
"female","56","4","0","142","77.0","1216.5","182.48","72.99","48.66","1459.8","1.2","1459.8","61.6","0.0","11.39"
"male","23","2","0","165","93.0","1851.25","277.69","111.08","74.05","2221.5","1.2","2221.5","74.4","0.0","36.68"
"male","26","3","0","170","93.0","1867.5","280.12","112.05","74.7","2241.0","1.2","2241.0","74.4","0.0","37.65"
"female","28","2","1","155","62.0","1287.75","221.33","88.53","59.02","1770.66","1.38","1777.09","49.6","-6.43","38.93"
"male","20","2","1","163","75.0","1673.75","287.68","115.07","76.71","2301.41","1.38","2309.77","60.0","-8.36","55.07"
"female","54","3","0","152","75.0","1269.0","190.35","76.14","50.76","1522.8","1.2","1522.8","60.0","0.0","16.14"
"female","18","4","0","150","54.0","1226.5","183.98","73.59","49.06","1471.8","1.2","1471.8","43.2","0.0","30.39"
"male","23","3","0","180","135.0","2365.0","354.75","141.9","94.6","2838.0","1.2","2838.0","108.0","0.0","33.9"
"female","25","3","0","160","60.0","1314.0","197.1","78.84","52.56","1576.8","1.2","1576.8","48.0","0.0","30.84"
"male","26","2","1","168","85.0","1775.0","305.08","122.03","81.35","2440.62","1.38","2449.5","68.0","-8.88","54.03"
"male","26","3","0","173","53.0","1486.25","222.94","89.18","59.45","1783.5","1.2","1783.5","42.4","0.0","46.78"
"female","30","3","0","168","79.0","1529.0","229.35","91.74","61.16","1834.8","1.2","1834.8","63.2","0.0","28.54"
"female","22","4","0","152","54.0","1219.0","182.85","73.14","48.76","1462.8","1.2","1462.8","43.2","0.0","29.94"
"female","23","4","0","165","103.0","1785.25","267.79","107.12","71.41","2142.3","1.2","2142.3","82.4","0.0","24.72"
"male","24","3","0","178","91.0","1907.5","286.12","114.45","76.3","2289.0","1.2","2289.0","72.8","0.0","41.65"
"male","22","3","2","173","54.0","1516.25","293.77","117.51","78.34","2350.19","1.55","2350.19","43.2","0.0","74.31"
"female","22","2","0","155","76.0","1457.75","218.66","87.46","58.31","1749.3","1.2","1749.3","60.8","0.0","26.66"
"male","28","3","0","165","64.0","1536.25","230.44","92.18","61.45","1843.5","1.2","1843.5","51.2","0.0","40.98"
"male","20","3","4","168","70.0","1655.0","393.06","157.22","104.82","3144.5","1.9","3144.5","56.0","0.0","101.22"
"male","24","3","1","165","56.0","1476.25","253.73","101.49","67.66","2029.84","1.38","2037.23","44.8","-7.39","56.69"
"male","25","2","0","165","50.0","1411.25","211.69","84.68","56.45","1693.5","1.2","1693.5","40.0","0.0","44.68"
"male","22","3","0","168","51.0","1455.0","218.25","87.3","58.2","1746.0","1.2","1746.0","40.8","0.0","46.5"
"female","25","3","4","137","44.0","1010.25","239.93","95.97","63.98","1919.47","1.9","1919.48","35.2","-0.01","60.77"
"male","22","2","0","163","56.0","1473.75","221.06","88.42","58.95","1768.5","1.2","1768.5","44.8","0.0","43.62"
"male","28","4","0","163","104.0","1923.75","288.56","115.42","76.95","2308.5","1.2","2308.5","83.2","0.0","32.22"
"male","24","3","0","168","52.0","1455.0","218.25","87.3","58.2","1746.0","1.2","1746.0","41.6","0.0","45.7"
"male","22","3","4","168","80.0","1745.0","414.44","165.78","110.52","3315.5","1.9","3315.5","64.0","0.0","101.78"
"male","16","3","0","178","80.0","1837.5","275.62","110.25","73.5","2205.0","1.2","2205.0","64.0","0.0","46.25"
"male","22","3","0","157","120.0","2076.25","311.44","124.58","83.05","2491.5","1.2","2491.5","96.0","0.0","28.58"
"female","22","2","1","160","66.0","1389.0","238.73","95.49","63.66","1909.87","1.38","1916.82","52.8","-6.95","42.69"
"female","22","3","0","157","43.0","1140.25","171.04","68.42","45.61","1368.3","1.2","1368.3","34.4","0.0","34.02"
"female","21","4","2","157","60.0","1315.25","254.83","101.93","67.96","2038.64","1.55","2038.64","48.0","0.0","53.93"
"female","36","3","0","152","99.0","1599.0","239.85","95.94","63.96","1918.8","1.2","1918.8","79.2","0.0","16.74"
"female","57","2","0","152","61.0","1114.0","167.1","66.84","44.56","1336.8","1.2","1336.8","48.8","0.0","18.04"
"female","28","3","0","152","57.0","1219.0","182.85","73.14","48.76","1462.8","1.2","1462.8","45.6","0.0","27.54"
"male","21","2","0","175","60.0","1593.75","239.06","95.62","63.75","1912.5","1.2","1912.5","48.0","0.0","47.62"
"female","40","3","0","157","90.0","1520.25","228.04","91.22","60.81","1824.3","1.2","1824.3","72.0","0.0","19.22"
"male","21","3","2","170","53.0","1492.5","289.17","115.67","77.11","2313.37","1.55","2313.38","42.4","-0.01","73.27"
"male","23","2","0","168","52.0","1460.0","219.0","87.6","58.4","1752.0","1.2","1752.0","41.6","0.0","46.0"
"male","25","3","1","178","68.0","1672.5","287.46","114.98","76.66","2299.68","1.38","2308.05","54.4","-8.37","60.58"
"male","28","2","0","168","98.0","1895.0","284.25","113.7","75.8","2274.0","1.2","2274.0","78.4","0.0","35.3"
"male","24","3","0","160","114.0","2025.0","303.75","121.5","81.0","2430.0","1.2","2430.0","91.2","0.0","30.3"
"male","22","3","1","180","84.0","1860.0","319.69","127.88","85.25","2557.5","1.38","2566.8","67.2","-9.3","60.68"
"male","21","4","1","168","54.0","1490.0","256.09","102.44","68.29","2048.76","1.38","2056.2","43.2","-7.44","59.24"
"female","59","2","0","157","69.0","1215.25","182.29","72.92","48.61","1458.3","1.2","1458.3","55.2","0.0","17.72"
"male","24","3","2","165","62.0","1536.25","297.65","119.06","79.37","2381.18","1.55","2381.19","49.6","-0.01","69.46"
"male","19","3","4","178","77.0","1792.5","425.72","170.29","113.52","3405.75","1.9","3405.75","61.6","0.0","108.69"
"male","29","2","0","173","99.0","1931.25","289.69","115.88","77.25","2317.5","1.2","2317.5","79.2","0.0","36.68"
"male","21","2","1","170","52.0","1482.5","254.8","101.92","67.95","2038.44","1.38","2045.85","41.6","-7.41","60.32"
"female","36","3","0","142","81.0","1356.5","203.48","81.39","54.26","1627.8","1.2","1627.8","64.8","0.0","16.59"
"male","22","3","1","180","79.0","1810.0","311.09","124.44","82.96","2488.75","1.38","2497.8","63.2","-9.05","61.24"
"male","21","2","1","170","66.0","1622.5","278.87","111.55","74.36","2230.94","1.38","2239.05","52.8","-8.11","58.75"
"female","20","3","0","163","45.0","1207.75","181.16","72.46","48.31","1449.3","1.2","1449.3","36.0","0.0","36.46"
"male","21","3","0","168","48.0","1430.0","214.5","85.8","57.2","1716.0","1.2","1716.0","38.4","0.0","47.4"
"female","27","3","0","157","99.0","1675.25","251.29","100.52","67.01","2010.3","1.2","2010.3","79.2","0.0","21.32"
"female","36","3","0","163","41.0","1087.75","163.16","65.26","43.51","1305.3","1.2","1305.3","32.8","0.0","32.46"
"male","24","2","0","180","64.0","1650.0","247.5","99.0","66.0","1980.0","1.2","1980.0","51.2","0.0","47.8"
"male","20","3","0","168","65.0","1605.0","240.75","96.3","64.2","1926.0","1.2","1926.0","52.0","0.0","44.3"
"male","27","4","0","160","90.0","1770.0","265.5","106.2","70.8","2124.0","1.2","2124.0","72.0","0.0","34.2"
"female","23","4","0","160","65.0","1374.0","206.1","82.44","54.96","1648.8","1.2","1648.8","52.0","0.0","30.44"
"male","67","3","0","173","73.0","1481.25","222.19","88.88","59.25","1777.5","1.2","1777.5","58.4","0.0","30.48"
"female","26","2","0","155","66.0","1337.75","200.66","80.26","53.51","1605.3","1.2","1605.3","52.8","0.0","27.46"
"male","16","3","4","170","77.0","1757.5","417.41","166.96","111.31","3339.24","1.9","3339.25","61.6","-0.01","105.36"
"female","22","3","0","157","54.0","1250.25","187.54","75.02","50.01","1500.3","1.2","1500.3","43.2","0.0","31.82"
"male","21","3","0","165","73.0","1661.25","249.19","99.68","66.45","1993.5","1.2","1993.5","58.4","0.0","41.28"
"male","34","3","0","165","103.0","1896.25","284.44","113.78","75.85","2275.5","1.2","2275.5","82.4","0.0","31.38"
"male","22","3","0","163","43.0","1343.75","201.56","80.62","53.75","1612.5","1.2","1612.5","34.4","0.0","46.22"
"male","27","3","0","157","83.0","1681.25","252.19","100.88","67.25","2017.5","1.2","2017.5","66.4","0.0","34.48"
"male","29","2","1","170","90.0","1822.5","313.24","125.3","83.53","2505.94","1.38","2515.05","72.0","-9.11","53.3"
"female","19","3","0","157","54.0","1265.25","189.79","75.92","50.61","1518.3","1.2","1518.3","43.2","0.0","32.72"
"female","22","2","1","160","59.0","1319.0","226.7","90.68","60.45","1813.62","1.38","1820.22","47.2","-6.6","43.48"
"female","21","2","0","145","68.0","1320.25","198.04","79.22","52.81","1584.3","1.2","1584.3","54.4","0.0","24.82"
"female","17","3","1","173","63.0","1465.25","251.84","100.74","67.16","2014.72","1.38","2022.04","50.4","-7.32","50.34"
"female","21","2","2","155","42.0","1122.75","217.53","87.01","58.01","1740.26","1.55","1740.26","33.6","0.0","53.41"
"male","23","3","0","175","72.0","1703.75","255.56","102.22","68.15","2044.5","1.2","2044.5","57.6","0.0","44.62"
"male","25","3","0","165","110.0","2011.25","301.69","120.68","80.45","2413.5","1.2","2413.5","88.0","0.0","32.68"
"female","22","4","1","170","51.0","1301.5","223.7","89.48","59.65","1789.56","1.38","1796.07","40.8","-6.51","48.68"
"male","22","3","0","157","112.0","1996.25","299.44","119.78","79.85","2395.5","1.2","2395.5","89.6","0.0","30.18"
"male","25","3","0","160","104.0","1920.0","288.0","115.2","76.8","2304.0","1.2","2304.0","83.2","0.0","32.0"
"female","26","3","0","145","89.0","1505.25","225.79","90.32","60.21","1806.3","1.2","1806.3","71.2","0.0","19.12"
"female","49","3","0","157","110.0","1675.25","251.29","100.52","67.01","2010.3","1.2","2010.3","88.0","0.0","12.52"
"male","27","2","1","160","66.0","1530.0","262.97","105.19","70.12","2103.75","1.38","2111.4","52.8","-7.65","52.39"
"female","30","3","0","152","41.0","1049.0","157.35","62.94","41.96","1258.8","1.2","1258.8","32.8","0.0","30.14"
"male","25","2","1","165","70.0","1611.25","276.93","110.77","73.85","2215.47","1.38","2223.52","56.0","-8.05","54.77"
"female","24","3","0","163","42.0","1157.75","173.66","69.46","46.31","1389.3","1.2","1389.3","33.6","0.0","35.86"
"male","25","3","0","163","98.0","1878.75","281.81","112.72","75.15","2254.5","1.2","2254.5","78.4","0.0","34.32"
"female","33","4","0","142","75.0","1311.5","196.72","78.69","52.46","1573.8","1.2","1573.8","60.0","0.0","18.69"
"male","37","4","0","155","93.0","1718.75","257.81","103.12","68.75","2062.5","1.2","2062.5","74.4","0.0","28.72"
"male","54","3","2","160","68.0","1415.0","274.16","109.66","73.11","2193.25","1.55","2193.25","54.4","0.0","55.26"
"female","21","3","0","163","50.0","1252.75","187.91","75.17","50.11","1503.3","1.2","1503.3","40.0","0.0","35.17"
"male","22","4","0","170","70.0","1657.5","248.62","99.45","66.3","1989.0","1.2","1989.0","56.0","0.0","43.45"
"male","20","3","0","155","100.0","1873.75","281.06","112.42","74.95","2248.5","1.2","2248.5","80.0","0.0","32.42"
"male","24","3","0","165","50.0","1416.25","212.44","84.98","56.65","1699.5","1.2","1699.5","40.0","0.0","44.98"
"male","25","3","0","173","51.0","1471.25","220.69","88.28","58.85","1765.5","1.2","1765.5","40.8","0.0","47.48"
"female","58","3","0","157","75.0","1280.25","192.04","76.82","51.21","1536.3","1.2","1536.3","60.0","0.0","16.82"
"male","30","3","0","168","51.0","1415.0","212.25","84.9","56.6","1698.0","1.2","1698.0","40.8","0.0","44.1"
"male","20","2","0","173","92.0","1906.25","285.94","114.38","76.25","2287.5","1.2","2287.5","73.6","0.0","40.78"
"female","40","3","0","160","43.0","1069.0","160.35","64.14","42.76","1282.8","1.2","1282.8","34.4","0.0","29.74"
"female","29","2","1","145","58.0","1180.25","202.86","81.14","54.1","1622.84","1.38","1628.75","46.4","-5.91","34.74"
"male","21","3","0","173","80.0","1781.25","267.19","106.88","71.25","2137.5","1.2","2137.5","64.0","0.0","42.88"
"male","22","3","0","165","46.0","1386.25","207.94","83.18","55.45","1663.5","1.2","1663.5","36.8","0.0","46.38"
"male","23","3","4","165","63.0","1551.25","368.42","147.37","98.25","2947.38","1.9","2947.38","50.4","0.0","96.97"
"male","32","3","0","168","50.0","1395.0","209.25","83.7","55.8","1674.0","1.2","1674.0","40.0","0.0","43.7"
"female","24","2","1","155","61.0","1297.75","223.05","89.22","59.48","1784.4","1.38","1790.89","48.8","-6.49","40.42"
"male","16","3","1","165","71.6","1672.25","287.42","114.97","76.64","2299.34","1.38","2307.71","57.28","-8.37","57.69"
"male","21","2","0","165","62.0","1551.25","232.69","93.08","62.05","1861.5","1.2","1861.5","49.6","0.0","43.48"
"female","26","4","0","155","86.0","1537.75","230.66","92.26","61.51","1845.3","1.2","1845.3","68.8","0.0","23.46"
"male","27","4","0","157","89.0","1741.25","261.19","104.48","69.65","2089.5","1.2","2089.5","71.2","0.0","33.28"
"male","23","4","0","170","106.0","2012.5","301.88","120.75","80.5","2415.0","1.2","2415.0","84.8","0.0","35.95"
"female","41","2","1","135","51.0","987.75","169.77","67.91","45.27","1358.16","1.38","1363.09","40.8","-4.93","27.11"
"male","58","3","4","170","62.0","1397.5","331.91","132.76","88.51","2655.25","1.9","2655.25","49.6","0.0","83.16"
"male","22","2","0","163","90.0","1813.75","272.06","108.82","72.55","2176.5","1.2","2176.5","72.0","0.0","36.82"
"female","36","3","0","142","98.0","1526.5","228.98","91.59","61.06","1831.8","1.2","1831.8","78.4","0.0","13.19"
"male","22","3","0","165","67.0","1596.25","239.44","95.78","63.85","1915.5","1.2","1915.5","53.6","0.0","42.18"
"female","42","3","0","163","48.0","1127.75","169.16","67.67","45.11","1353.3","1.2","1353.3","38.4","0.0","29.27"
"male","26","3","0","173","54.0","1496.25","224.44","89.78","59.85","1795.5","1.2","1795.5","43.2","0.0","46.58"
"male","21","2","0","168","90.0","1850.0","277.5","111.0","74.0","2220.0","1.2","2220.0","72.0","0.0","39.0"
"female","21","2","0","168","70.0","1484.0","222.6","89.04","59.36","1780.8","1.2","1780.8","56.0","0.0","33.04"
"female","21","2","0","142","87.0","1491.5","223.72","89.49","59.66","1789.8","1.2","1789.8","69.6","0.0","19.89"
"female","22","3","0","157","50.0","1210.25","181.54","72.61","48.41","1452.3","1.2","1452.3","40.0","0.0","32.61"
"male","23","3","2","163","67.0","1578.75","305.88","122.35","81.57","2447.06","1.55","2447.06","53.6","0.0","68.75"
"male","22","3","0","173","69.0","1666.25","249.94","99.98","66.65","1999.5","1.2","1999.5","55.2","0.0","44.78"
"female","23","3","1","163","49.0","1232.75","211.88","84.75","56.5","1695.03","1.38","1701.2","39.2","-6.17","45.55"
"female","20","3","2","160","48.0","1219.0","236.18","94.47","62.98","1889.45","1.55","1889.45","38.4","0.0","56.07"
"male","24","4","0","168","58.0","1515.0","227.25","90.9","60.6","1818.0","1.2","1818.0","46.4","0.0","44.5"
"female","21","4","0","155","66.0","1362.75","204.41","81.76","54.51","1635.3","1.2","1635.3","52.8","0.0","28.96"
"male","34","3","0","173","54.0","1456.25","218.44","87.38","58.25","1747.5","1.2","1747.5","43.2","0.0","44.18"
"female","27","3","0","157","99.0","1675.25","251.29","100.52","67.01","2010.3","1.2","2010.3","79.2","0.0","21.32"
"female","56","3","0","160","77.0","1329.0","199.35","79.74","53.16","1594.8","1.2","1594.8","61.6","0.0","18.14"
"male","28","4","1","185","85.0","1871.25","321.62","128.65","85.77","2572.97","1.38","2582.33","68.0","-9.36","60.65"
"female","20","4","2","157","78.0","1500.25","290.67","116.27","77.51","2325.39","1.55","2325.39","62.4","0.0","53.87"
"female","40","3","0","163","107.0","1727.75","259.16","103.66","69.11","2073.3","1.2","2073.3","85.6","0.0","18.06"
"male","45","3","0","155","89.0","1638.75","245.81","98.32","65.55","1966.5","1.2","1966.5","71.2","0.0","27.12"
"male","37","3","0","165","113.0","1981.25","297.19","118.88","79.25","2377.5","1.2","2377.5","90.4","0.0","28.48"
"female","30","4","1","168","70.0","1439.0","247.33","98.93","65.95","1978.62","1.38","1985.82","56.0","-7.2","42.93"
"male","25","4","0","145","80.0","1586.25","237.94","95.18","63.45","1903.5","1.2","1903.5","64.0","0.0","31.18"
"female","22","3","1","157","45.0","1160.25","199.42","79.77","53.18","1595.34","1.38","1601.15","36.0","-5.81","43.77"
"male","25","2","0","160","47.0","1350.0","202.5","81.0","54.0","1620.0","1.2","1620.0","37.6","0.0","43.4"
"female","32","3","0","142","74.0","1306.5","195.98","78.39","52.26","1567.8","1.2","1567.8","59.2","0.0","19.19"
"male","22","3","0","155","115.0","2013.75","302.06","120.82","80.55","2416.5","1.2","2416.5","92.0","0.0","28.82"
"male","22","2","0","168","58.0","1525.0","228.75","91.5","61.0","1830.0","1.2","1830.0","46.4","0.0","45.1"
"male","20","3","1","173","55.0","1536.25","264.04","105.62","70.41","2112.34","1.38","2120.02","44.0","-7.68","61.62"
"female","24","2","1","160","76.0","1479.0","254.2","101.68","67.79","2033.63","1.38","2041.02","60.8","-7.39","40.88"
"male","28","4","0","163","104.0","1923.75","288.56","115.42","76.95","2308.5","1.2","2308.5","83.2","0.0","32.22"
"female","28","3","0","152","96.0","1609.0","241.35","96.54","64.36","1930.8","1.2","1930.8","76.8","0.0","19.74"
"female","22","2","0","152","58.0","1259.0","188.85","75.54","50.36","1510.8","1.2","1510.8","46.4","0.0","29.14"
"male","21","2","0","160","46.0","1360.0","204.0","81.6","54.4","1632.0","1.2","1632.0","36.8","0.0","44.8"
"male","22","3","1","173","76.0","1736.25","298.42","119.37","79.58","2387.34","1.38","2396.02","60.8","-8.68","58.57"
"female","28","3","0","160","52.0","1219.0","182.85","73.14","48.76","1462.8","1.2","1462.8","41.6","0.0","31.54"
"female","20","3","0","165","46.0","1230.25","184.54","73.82","49.21","1476.3","1.2","1476.3","36.8","0.0","37.02"
"female","22","4","2","168","55.0","1329.0","257.49","103.0","68.67","2059.95","1.55","2059.95","44.0","0.0","59.0"
"male","22","3","0","160","120.0","2095.0","314.25","125.7","83.8","2514.0","1.2","2514.0","96.0","0.0","29.7"
"male","19","3","4","175","64.0","1643.75","390.39","156.16","104.1","3123.12","1.9","3123.13","51.2","-0.01","104.96"
"female","35","3","0","155","74.0","1372.75","205.91","82.36","54.91","1647.3","1.2","1647.3","59.2","0.0","23.16"
"female","29","4","0","155","85.0","1512.75","226.91","90.76","60.51","1815.3","1.2","1815.3","68.0","0.0","22.76"
"female","21","2","0","175","61.0","1437.75","215.66","86.26","57.51","1725.3","1.2","1725.3","48.8","0.0","37.46"
"female","22","3","0","142","71.0","1326.5","198.98","79.59","53.06","1591.8","1.2","1591.8","56.8","0.0","22.79"
"female","22","3","0","152","75.0","1429.0","214.35","85.74","57.16","1714.8","1.2","1714.8","60.0","0.0","25.74"
"male","23","3","0","168","51.0","1450.0","217.5","87.0","58.0","1740.0","1.2","1740.0","40.8","0.0","46.2"
"female","20","2","0","160","98.0","1719.0","257.85","103.14","68.76","2062.8","1.2","2062.8","78.4","0.0","24.74"
"female","21","3","1","163","62.0","1372.75","235.94","94.38","62.92","1887.53","1.38","1894.39","49.6","-6.86","44.78"
"female","31","3","0","170","75.0","1496.5","224.48","89.79","59.86","1795.8","1.2","1795.8","60.0","0.0","29.79"
"female","23","2","0","155","70.0","1392.75","208.91","83.56","55.71","1671.3","1.2","1671.3","56.0","0.0","27.56"
"female","22","3","1","160","76.0","1489.0","255.92","102.37","68.25","2047.38","1.38","2054.82","60.8","-7.44","41.57"
"female","25","3","0","175","105.0","1857.75","278.66","111.46","74.31","2229.3","1.2","2229.3","84.0","0.0","27.46"
"female","33","2","0","152","73.0","1354.0","203.1","81.24","54.16","1624.8","1.2","1624.8","58.4","0.0","22.84"
"male","35","3","0","170","105.0","1942.5","291.38","116.55","77.7","2331.0","1.2","2331.0","84.0","0.0","32.55"
"male","18","2","1","165","72.0","1666.25","286.39","114.56","76.37","2291.1","1.38","2299.42","57.6","-8.32","56.96"
"female","23","3","0","155","77.0","1462.75","219.41","87.76","58.51","1755.3","1.2","1755.3","61.6","0.0","26.16"
"male","20","2","0","163","43.0","1353.75","203.06","81.22","54.15","1624.5","1.2","1624.5","34.4","0.0","46.82"
"female","20","3","0","155","41.0","1117.75","167.66","67.06","44.71","1341.3","1.2","1341.3","32.8","0.0","34.26"
"male","29","3","2","183","112.0","2123.75","411.48","164.59","109.73","3291.82","1.55","3291.81","89.6","0.01","74.99"
"male","23","3","0","168","93.0","1870.0","280.5","112.2","74.8","2244.0","1.2","2244.0","74.4","0.0","37.8"
"female","22","3","0","157","48.0","1190.25","178.54","71.42","47.61","1428.3","1.2","1428.3","38.4","0.0","33.02"
"male","26","3","0","170","103.0","1967.5","295.12","118.05","78.7","2361.0","1.2","2361.0","82.4","0.0","35.65"
"male","21","2","2","178","58.0","1592.5","308.55","123.42","82.28","2468.38","1.55","2468.38","46.4","0.0","77.02"
"female","44","4","0","142","77.0","1276.5","191.48","76.59","51.06","1531.8","1.2","1531.8","61.6","0.0","14.99"
"male","21","2","0","183","95.0","1993.75","299.06","119.62","79.75","2392.5","1.2","2392.5","76.0","0.0","43.62"
"female","24","4","0","157","90.0","1600.25","240.04","96.02","64.01","1920.3","1.2","1920.3","72.0","0.0","24.02"
"female","47","3","0","160","100.0","1604.0","240.6","96.24","64.16","1924.8","1.2","1924.8","80.0","0.0","16.24"
"male","22","3","1","170","65.0","1607.5","276.29","110.52","73.68","2210.31","1.38","2218.35","52.0","-8.04","58.52"
"male","27","3","1","180","79.0","1785.0","306.8","122.72","81.81","2454.37","1.38","2463.3","63.2","-8.93","59.52"
"male","57","3","0","168","52.0","1290.0","193.5","77.4","51.6","1548.0","1.2","1548.0","41.6","0.0","35.8"
"female","22","3","0","142","98.0","1596.5","239.48","95.79","63.86","1915.8","1.2","1915.8","78.4","0.0","17.39"
"male","25","3","1","163","89.0","1788.75","307.44","122.98","81.98","2459.53","1.38","2468.48","71.2","-8.95","51.78"
"female","20","3","2","165","76.0","1530.25","296.49","118.59","79.06","2371.89","1.55","2371.89","60.8","0.0","57.79"
"female","36","3","0","160","46.0","1119.0","167.85","67.14","44.76","1342.8","1.2","1342.8","36.8","0.0","30.34"
"female","35","3","0","157","99.0","1635.25","245.29","98.12","65.41","1962.3","1.2","1962.3","79.2","0.0","18.92"
"male","25","3","0","163","102.0","1918.75","287.81","115.12","76.75","2302.5","1.2","2302.5","81.6","0.0","33.52"
"female","23","2","0","137","50.0","1080.25","162.04","64.82","43.21","1296.3","1.2","1296.3","40.0","0.0","24.82"
"male","30","3","0","170","50.0","1417.5","212.62","85.05","56.7","1701.0","1.2","1701.0","40.0","0.0","45.05"
"male","22","3","0","173","80.0","1776.25","266.44","106.58","71.05","2131.5","1.2","2131.5","64.0","0.0","42.58"
"female","39","3","0","157","100.0","1625.25","243.79","97.52","65.01","1950.3","1.2","1950.3","80.0","0.0","17.52"
"male","32","3","0","168","112.0","2015.0","302.25","120.9","80.6","2418.0","1.2","2418.0","89.6","0.0","31.3"
"female","24","3","0","135","56.0","1122.75","168.41","67.36","44.91","1347.3","1.2","1347.3","44.8","0.0","22.56"
"male","32","3","0","163","48.0","1343.75","201.56","80.62","53.75","1612.5","1.2","1612.5","38.4","0.0","42.22"
"female","24","3","0","152","73.0","1399.0","209.85","83.94","55.96","1678.8","1.2","1678.8","58.4","0.0","25.54"
"female","50","3","0","145","93.0","1425.25","213.79","85.52","57.01","1710.3","1.2","1710.3","74.4","0.0","11.12"
"male","22","4","0","168","70.0","1645.0","246.75","98.7","65.8","1974.0","1.2","1974.0","56.0","0.0","42.7"
"male","23","2","1","163","65.0","1558.75","267.91","107.16","71.44","2143.28","1.38","2151.08","52.0","-7.8","55.16"
"male","26","3","0","168","52.0","1445.0","216.75","86.7","57.8","1734.0","1.2","1734.0","41.6","0.0","45.1"
"female","53","2","0","137","53.0","960.25","144.04","57.62","38.41","1152.3","1.2","1152.3","42.4","0.0","15.22"
"male","22","2","1","160","56.0","1455.0","250.08","100.03","66.69","2000.63","1.38","2007.9","44.8","-7.27","55.23"
"male","22","2","0","157","66.0","1536.25","230.44","92.18","61.45","1843.5","1.2","1843.5","52.8","0.0","39.38"
"female","35","2","0","155","78.0","1412.75","211.91","84.76","56.51","1695.3","1.2","1695.3","62.4","0.0","22.36"
"male","20","4","0","157","92.0","1806.25","270.94","108.38","72.25","2167.5","1.2","2167.5","73.6","0.0","34.78"
"male","30","3","0","173","52.0","1456.25","218.44","87.38","58.25","1747.5","1.2","1747.5","41.6","0.0","45.78"
"female","23","3","0","163","66.0","1402.75","210.41","84.16","56.11","1683.3","1.2","1683.3","52.8","0.0","31.36"
"male","30","3","0","163","70.0","1573.75","236.06","94.42","62.95","1888.5","1.2","1888.5","56.0","0.0","38.42"
"female","21","2","1","165","80.0","1565.25","269.03","107.61","71.74","2152.22","1.38","2160.04","64.0","-7.82","43.61"
"male","21","3","0","152","97.0","1820.0","273.0","109.2","72.8","2184.0","1.2","2184.0","77.6","0.0","31.6"
"female","22","3","0","160","51.0","1239.0","185.85","74.34","49.56","1486.8","1.2","1486.8","40.8","0.0","33.54"
"female","22","3","2","152","67.0","1349.0","261.37","104.55","69.7","2090.95","1.55","2090.95","53.6","0.0","50.95"
"male","23","3","1","168","95.0","1890.0","324.84","129.94","86.62","2598.75","1.38","2608.2","76.0","-9.45","53.94"
"female","23","2","0","152","64.0","1314.0","197.1","78.84","52.56","1576.8","1.2","1576.8","51.2","0.0","27.64"
"female","20","3","0","163","47.0","1227.75","184.16","73.67","49.11","1473.3","1.2","1473.3","37.6","0.0","36.07"
"male","24","3","0","157","118.0","2046.25","306.94","122.78","81.85","2455.5","1.2","2455.5","94.4","0.0","28.38"
"male","24","4","0","170","70.0","1647.5","247.12","98.85","65.9","1977.0","1.2","1977.0","56.0","0.0","42.85"
"male","22","3","0","170","75.0","1707.5","256.12","102.45","68.3","2049.0","1.2","2049.0","60.0","0.0","42.45"
"male","18","2","0","165","41.0","1356.25","203.44","81.38","54.25","1627.5","1.2","1627.5","32.8","0.0","48.58"
"male","20","4","3","175","69.0","1688.75","364.14","145.66","97.1","2913.1","1.73","2921.54","55.2","-8.44","90.46"
"male","22","3","0","165","47.0","1396.25","209.44","83.78","55.85","1675.5","1.2","1675.5","37.6","0.0","46.18"
"male","24","2","0","163","44.0","1343.75","201.56","80.62","53.75","1612.5","1.2","1612.5","35.2","0.0","45.42"
"male","23","3","1","165","65.0","1571.25","270.06","108.02","72.02","2160.47","1.38","2168.33","52.0","-7.86","56.02"
"male","23","3","0","175","80.0","1783.75","267.56","107.02","71.35","2140.5","1.2","2140.5","64.0","0.0","43.02"
"male","23","2","0","168","100.0","1940.0","291.0","116.4","77.6","2328.0","1.2","2328.0","80.0","0.0","36.4"
"female","20","4","0","165","70.0","1470.25","220.54","88.22","58.81","1764.3","1.2","1764.3","56.0","0.0","32.22"
"female","19","3","0","157","54.0","1265.25","189.79","75.92","50.61","1518.3","1.2","1518.3","43.2","0.0","32.72"
"female","42","3","0","140","72.0","1224.0","183.6","73.44","48.96","1468.8","1.2","1468.8","57.6","0.0","15.84"
"female","21","2","0","160","73.0","1464.0","219.6","87.84","58.56","1756.8","1.2","1756.8","58.4","0.0","29.44"
"male","56","3","0","163","50.0","1243.75","186.56","74.62","49.75","1492.5","1.2","1492.5","40.0","0.0","34.62"
"male","35","4","0","175","109.0","2013.75","302.06","120.82","80.55","2416.5","1.2","2416.5","87.2","0.0","33.62"
"male","23","4","0","173","70.0","1671.25","250.69","100.28","66.85","2005.5","1.2","2005.5","56.0","0.0","44.28"
"male","24","2","0","165","83.0","1746.25","261.94","104.78","69.85","2095.5","1.2","2095.5","66.4","0.0","38.38"
"male","22","3","0","168","80.0","1745.0","261.75","104.7","69.8","2094.0","1.2","2094.0","64.0","0.0","40.7"
"female","58","3","0","145","73.0","1185.25","177.79","71.11","47.41","1422.3","1.2","1422.3","58.4","0.0","12.71"
"male","24","3","1","178","95.0","1947.5","334.73","133.89","89.26","2677.81","1.38","2687.55","76.0","-9.74","57.89"
"male","26","3","0","168","105.0","1975.0","296.25","118.5","79.0","2370.0","1.2","2370.0","84.0","0.0","34.5"
"male","26","3","0","175","109.0","2058.75","308.81","123.52","82.35","2470.5","1.2","2470.5","87.2","0.0","36.32"
"female","22","3","0","157","80.0","1510.25","226.54","90.62","60.41","1812.3","1.2","1812.3","64.0","0.0","26.62"
"male","30","3","0","173","98.0","1916.25","287.44","114.98","76.65","2299.5","1.2","2299.5","78.4","0.0","36.58"
"male","35","3","0","157","87.0","1681.25","252.19","100.88","67.25","2017.5","1.2","2017.5","69.6","0.0","31.28"
"male","24","3","0","165","109.0","2006.25","300.94","120.38","80.25","2407.5","1.2","2407.5","87.2","0.0","33.18"
"male","22","3","0","163","119.0","2103.75","315.56","126.22","84.15","2524.5","1.2","2524.5","95.2","0.0","31.02"
"female","22","2","0","137","50.0","1085.25","162.79","65.11","43.41","1302.3","1.2","1302.3","40.0","0.0","25.11"
"female","25","2","0","163","46.0","1192.75","178.91","71.56","47.71","1431.3","1.2","1431.3","36.8","0.0","34.76"
"female","26","2","0","163","49.0","1217.75","182.66","73.06","48.71","1461.3","1.2","1461.3","39.2","0.0","33.86"
"female","23","3","0","152","48.0","1154.0","173.1","69.24","46.16","1384.8","1.2","1384.8","38.4","0.0","30.84"
"male","40","3","0","180","82.0","1750.0","262.5","105.0","70.0","2100.0","1.2","2100.0","65.6","0.0","39.4"
"female","33","3","0","160","77.0","1444.0","216.6","86.64","57.76","1732.8","1.2","1732.8","61.6","0.0","25.04"
"female","20","3","0","157","45.0","1170.25","175.54","70.22","46.81","1404.3","1.2","1404.3","36.0","0.0","34.22"
"male","23","2","1","168","96.0","1900.0","326.56","130.62","87.08","2612.5","1.38","2622.0","76.8","-9.5","53.82"
"female","27","3","0","155","94.0","1612.75","241.91","96.76","64.51","1935.3","1.2","1935.3","75.2","0.0","21.56"
"female","21","2","0","163","83.0","1582.75","237.41","94.96","63.31","1899.3","1.2","1899.3","66.4","0.0","28.56"
"female","31","4","0","152","86.0","1494.0","224.1","89.64","59.76","1792.8","1.2","1792.8","68.8","0.0","20.84"
"male","26","3","4","168","64.0","1565.0","371.69","148.68","99.12","2973.5","1.9","2973.5","51.2","0.0","97.48"
"female","25","3","0","160","46.0","1174.0","176.1","70.44","46.96","1408.8","1.2","1408.8","36.8","0.0","33.64"
"female","25","3","0","152","76.0","1424.0","213.6","85.44","56.96","1708.8","1.2","1708.8","60.8","0.0","24.64"
"male","25","2","0","173","91.0","1871.25","280.69","112.28","74.85","2245.5","1.2","2245.5","72.8","0.0","39.48"
"female","58","2","1","142","59.0","1026.5","176.43","70.57","47.05","1411.44","1.38","1416.57","47.2","-5.13","23.37"
"female","49","2","0","140","57.0","1039.0","155.85","62.34","41.56","1246.8","1.2","1246.8","45.6","0.0","16.74"
"female","21","2","1","168","60.0","1384.0","237.88","95.15","63.43","1903.0","1.38","1909.92","48.0","-6.92","47.15"
"male","46","3","2","170","90.0","1737.5","336.64","134.66","89.77","2693.13","1.55","2693.13","72.0","0.0","62.66"
"male","22","3","3","170","61.0","1567.5","337.99","135.2","90.13","2703.94","1.73","2711.78","48.8","-7.84","86.4"
"male","29","2","0","165","85.0","1741.25","261.19","104.48","69.65","2089.5","1.2","2089.5","68.0","0.0","36.48"
"female","41","2","1","152","63.0","1214.0","208.66","83.46","55.64","1669.25","1.38","1675.32","50.4","-6.07","33.06"
"male","22","2","4","170","76.0","1717.5","407.91","163.16","108.78","3263.25","1.9","3263.25","60.8","0.0","102.36"
"male","22","3","0","152","98.0","1825.0","273.75","109.5","73.0","2190.0","1.2","2190.0","78.4","0.0","31.1"
"male","55","2","0","165","42.0","1181.25","177.19","70.88","47.25","1417.5","1.2","1417.5","33.6","0.0","37.28"
"male","23","2","0","165","65.0","1571.25","235.69","94.28","62.85","1885.5","1.2","1885.5","52.0","0.0","42.28"
"female","21","3","0","152","55.0","1234.0","185.1","74.04","49.36","1480.8","1.2","1480.8","44.0","0.0","30.04"
"female","22","4","0","160","47.0","1199.0","179.85","71.94","47.96","1438.8","1.2","1438.8","37.6","0.0","34.34"
"female","24","3","4","160","53.0","1249.0","296.64","118.66","79.1","2373.1","1.9","2373.1","42.4","0.0","76.26"
"male","22","4","0","185","84.0","1891.25","283.69","113.48","75.65","2269.5","1.2","2269.5","67.2","0.0","46.28"
"female","23","3","0","160","77.0","1494.0","224.1","89.64","59.76","1792.8","1.2","1792.8","61.6","0.0","28.04"
"male","29","3","1","165","84.0","1731.25","297.56","119.02","79.35","2380.47","1.38","2389.13","67.2","-8.66","51.82"
"male","22","2","2","163","58.0","1493.75","289.41","115.77","77.18","2315.31","1.55","2315.31","46.4","0.0","69.37"
"female","28","3","0","152","55.0","1199.0","179.85","71.94","47.96","1438.8","1.2","1438.8","44.0","0.0","27.94"
"male","23","3","0","178","83.0","1832.5","274.88","109.95","73.3","2199.0","1.2","2199.0","66.4","0.0","43.55"
"female","21","2","2","155","53.0","1232.75","238.84","95.54","63.69","1910.76","1.55","1910.76","42.4","0.0","53.14"
"female","24","3","0","155","78.0","1467.75","220.16","88.06","58.71","1761.3","1.2","1761.3","62.4","0.0","25.66"
"male","21","3","0","168","79.0","1740.0","261.0","104.4","69.6","2088.0","1.2","2088.0","63.2","0.0","41.2"
"male","24","3","0","168","84.0","1775.0","266.25","106.5","71.0","2130.0","1.2","2130.0","67.2","0.0","39.3"
"male","23","3","0","160","112.0","2010.0","301.5","120.6","80.4","2412.0","1.2","2412.0","89.6","0.0","31.0"
"male","22","2","0","168","90.0","1845.0","276.75","110.7","73.8","2214.0","1.2","2214.0","72.0","0.0","38.7"
"male","23","3","0","168","60.0","1540.0","231.0","92.4","61.6","1848.0","1.2","1848.0","48.0","0.0","44.4"
"female","28","3","0","173","55.0","1330.25","199.54","79.82","53.21","1596.3","1.2","1596.3","44.0","0.0","35.82"
"male","25","2","0","165","50.0","1411.25","211.69","84.68","56.45","1693.5","1.2","1693.5","40.0","0.0","44.68"
"male","17","2","3","175","80.0","1813.75","391.09","156.44","104.29","3128.72","1.73","3137.79","64.0","-9.07","92.44"
"male","24","2","4","183","74.0","1768.75","420.08","168.03","112.02","3360.62","1.9","3360.63","59.2","-0.01","108.83"
"male","29","2","1","168","94.0","1850.0","317.97","127.19","84.79","2543.76","1.38","2553.0","75.2","-9.24","51.99"
"female","22","3","0","160","55.0","1279.0","191.85","76.74","51.16","1534.8","1.2","1534.8","44.0","0.0","32.74"
"female","43","3","0","157","110.0","1705.25","255.79","102.32","68.21","2046.3","1.2","2046.3","88.0","0.0","14.32"
"female","50","3","0","165","110.0","1720.25","258.04","103.22","68.81","2064.3","1.2","2064.3","88.0","0.0","15.22"
"female","28","3","4","152","52.0","1169.0","277.64","111.06","74.04","2221.1","1.9","2221.1","41.6","0.0","69.46"
"female","21","2","0","157","45.0","1165.25","174.79","69.92","46.61","1398.3","1.2","1398.3","36.0","0.0","33.92"
"female","23","3","0","157","50.0","1205.25","180.79","72.32","48.21","1446.3","1.2","1446.3","40.0","0.0","32.32"
"male","28","3","0","152","81.0","1625.0","243.75","97.5","65.0","1950.0","1.2","1950.0","64.8","0.0","32.7"
"female","48","3","0","142","80.0","1286.5","192.98","77.19","51.46","1543.8","1.2","1543.8","64.0","0.0","13.19"
"male","23","3","0","163","102.0","1928.75","289.31","115.72","77.15","2314.5","1.2","2314.5","81.6","0.0","34.12"
"male","25","3","0","163","109.0","1988.75","298.31","119.32","79.55","2386.5","1.2","2386.5","87.2","0.0","32.12"
"male","32","3","0","168","50.0","1395.0","209.25","83.7","55.8","1674.0","1.2","1674.0","40.0","0.0","43.7"
"female","56","2","0","152","72.0","1229.0","184.35","73.74","49.16","1474.8","1.2","1474.8","57.6","0.0","16.14"
"female","22","3","0","160","58.0","1309.0","196.35","78.54","52.36","1570.8","1.2","1570.8","46.4","0.0","32.14"
"female","23","3","0","163","68.0","1422.75","213.41","85.36","56.91","1707.3","1.2","1707.3","54.4","0.0","30.96"
"male","48","3","0","160","90.0","1665.0","249.75","99.9","66.6","1998.0","1.2","1998.0","72.0","0.0","27.9"
"male","21","3","0","152","95.0","1800.0","270.0","108.0","72.0","2160.0","1.2","2160.0","76.0","0.0","32.0"
"female","29","3","0","145","95.0","1550.25","232.54","93.02","62.01","1860.3","1.2","1860.3","76.0","0.0","17.02"
"male","23","3","0","157","74.0","1611.25","241.69","96.68","64.45","1933.5","1.2","1933.5","59.2","0.0","37.48"
"male","23","3","1","173","76.0","1731.25","297.56","119.02","79.35","2380.47","1.38","2389.13","60.8","-8.66","58.22"
"male","48","3","0","173","82.0","1666.25","249.94","99.98","66.65","1999.5","1.2","1999.5","65.6","0.0","34.38"
"male","28","4","0","155","85.0","1683.75","252.56","101.02","67.35","2020.5","1.2","2020.5","68.0","0.0","33.02"
"male","25","4","0","157","88.0","1741.25","261.19","104.48","69.65","2089.5","1.2","2089.5","70.4","0.0","34.08"
"male","22","3","0","180","138.0","2400.0","360.0","144.0","96.0","2880.0","1.2","2880.0","110.4","0.0","33.6"
"male","62","3","0","165","96.0","1686.25","252.94","101.18","67.45","2023.5","1.2","2023.5","76.8","0.0","24.38"
"female","20","2","0","135","52.0","1102.75","165.41","66.17","44.11","1323.3","1.2","1323.3","41.6","0.0","24.57"
"male","39","4","0","165","101.0","1851.25","277.69","111.08","74.05","2221.5","1.2","2221.5","80.8","0.0","30.28"
"male","30","3","4","173","82.0","1756.25","417.11","166.84","111.23","3336.87","1.9","3336.88","65.6","-0.01","101.24"
"male","28","3","0","155","88.0","1713.75","257.06","102.82","68.55","2056.5","1.2","2056.5","70.4","0.0","32.42"
"female","22","3","0","142","95.0","1566.5","234.98","93.99","62.66","1879.8","1.2","1879.8","76.0","0.0","17.99"
"male","23","3","0","173","77.0","1741.25","261.19","104.48","69.65","2089.5","1.2","2089.5","61.6","0.0","42.88"
"male","23","2","2","170","98.0","1932.5","374.42","149.77","99.85","2995.38","1.55","2995.38","78.4","0.0","71.37"
"female","21","4","4","155","49.0","1192.75","283.28","113.31","75.54","2266.22","1.9","2266.23","39.2","-0.01","74.11"
"male","28","2","4","175","72.0","1678.75","398.7","159.48","106.32","3189.62","1.9","3189.63","57.6","-0.01","101.88"
"male","22","3","0","170","58.0","1537.5","230.62","92.25","61.5","1845.0","1.2","1845.0","46.4","0.0","45.85"
"female","21","3","0","173","55.0","1365.25","204.79","81.92","54.61","1638.3","1.2","1638.3","44.0","0.0","37.92"
"male","21","3","0","168","60.0","1550.0","232.5","93.0","62.0","1860.0","1.2","1860.0","48.0","0.0","45.0"
"male","23","3","0","168","94.0","1880.0","282.0","112.8","75.2","2256.0","1.2","2256.0","75.2","0.0","37.6"
"male","24","2","1","170","90.0","1847.5","317.54","127.02","84.68","2540.31","1.38","2549.55","72.0","-9.24","55.02"
"male","28","3","2","165","78.0","1676.25","324.77","129.91","86.61","2598.18","1.55","2598.19","62.4","-0.01","67.51"
"female","23","3","2","160","65.0","1374.0","266.21","106.48","70.99","2129.7","1.55","2129.7","52.0","0.0","54.48"
"male","22","4","0","180","134.0","2360.0","354.0","141.6","94.4","2832.0","1.2","2832.0","107.2","0.0","34.4"
"female","22","3","0","152","54.0","1219.0","182.85","73.14","48.76","1462.8","1.2","1462.8","43.2","0.0","29.94"
"female","19","3","0","168","46.0","1254.0","188.1","75.24","50.16","1504.8","1.2","1504.8","36.8","0.0","38.44"
"female","29","3","1","140","57.0","1139.0","195.77","78.31","52.2","1566.12","1.38","1571.82","45.6","-5.7","32.71"
"male","25","3","0","160","77.0","1650.0","247.5","99.0","66.0","1980.0","1.2","1980.0","61.6","0.0","37.4"
"male","22","2","0","163","75.0","1663.75","249.56","99.82","66.55","1996.5","1.2","1996.5","60.0","0.0","39.82"
"male","24","3","2","168","68.0","1615.0","312.91","125.16","83.44","2503.25","1.55","2503.25","54.4","0.0","70.76"
"male","23","2","1","170","67.0","1622.5","278.87","111.55","74.36","2230.94","1.38","2239.05","53.6","-8.11","57.95"
"male","39","4","0","157","88.0","1671.25","250.69","100.28","66.85","2005.5","1.2","2005.5","70.4","0.0","29.88"
"female","25","3","0","168","47.0","1234.0","185.1","74.04","49.36","1480.8","1.2","1480.8","37.6","0.0","36.44"
"female","43","4","0","142","79.0","1301.5","195.22","78.09","52.06","1561.8","1.2","1561.8","63.2","0.0","14.89"
"female","23","3","0","178","60.0","1436.5","215.48","86.19","57.46","1723.8","1.2","1723.8","48.0","0.0","38.19"
"female","20","4","0","137","56.0","1155.25","173.29","69.32","46.21","1386.3","1.2","1386.3","44.8","0.0","24.52"
"female","29","3","0","173","66.0","1435.25","215.29","86.12","57.41","1722.3","1.2","1722.3","52.8","0.0","33.32"
"male","20","3","0","163","45.0","1373.75","206.06","82.42","54.95","1648.5","1.2","1648.5","36.0","0.0","46.42"
"female","23","3","2","170","74.0","1526.5","295.76","118.3","78.87","2366.07","1.55","2366.08","59.2","-0.01","59.1"
"male","23","4","0","160","90.0","1790.0","268.5","107.4","71.6","2148.0","1.2","2148.0","72.0","0.0","35.4"
"female","23","3","0","160","90.0","1624.0","243.6","97.44","64.96","1948.8","1.2","1948.8","72.0","0.0","25.44"
"male","23","3","0","170","80.0","1752.5","262.88","105.15","70.1","2103.0","1.2","2103.0","64.0","0.0","41.15"
"female","16","3","0","155","55.0","1277.75","191.66","76.67","51.11","1533.3","1.2","1533.3","44.0","0.0","32.67"
"male","23","3","1","168","75.0","1690.0","290.47","116.19","77.46","2323.75","1.38","2332.2","60.0","-8.45","56.19"
"male","23","2","0","165","59.0","1511.25","226.69","90.68","60.45","1813.5","1.2","1813.5","47.2","0.0","43.48"
"female","23","3","0","152","68.0","1354.0","203.1","81.24","54.16","1624.8","1.2","1624.8","54.4","0.0","26.84"
"female","30","4","1","150","68.0","1306.5","224.56","89.82","59.88","1796.44","1.38","1802.97","54.4","-6.53","35.42"
"female","22","3","0","150","55.0","1216.5","182.48","72.99","48.66","1459.8","1.2","1459.8","44.0","0.0","28.99"
"female","37","4","1","147","59.0","1162.75","199.85","79.94","53.29","1598.78","1.38","1604.59","47.2","-5.81","32.74"
"male","24","3","1","173","102.0","1986.25","341.39","136.56","91.04","2731.09","1.38","2741.02","81.6","-9.93","54.96"
"male","28","4","0","175","122.0","2178.75","326.81","130.72","87.15","2614.5","1.2","2614.5","97.6","0.0","33.12"
"male","22","3","0","157","108.0","1956.25","293.44","117.38","78.25","2347.5","1.2","2347.5","86.4","0.0","30.98"
"female","25","2","1","155","65.0","1332.75","229.07","91.63","61.08","1832.53","1.38","1839.2","52.0","-6.67","39.63"
"male","31","3","0","168","50.0","1400.0","210.0","84.0","56.0","1680.0","1.2","1680.0","40.0","0.0","44.0"
"male","22","2","1","173","100.0","1976.25","339.67","135.87","90.58","2717.34","1.38","2727.23","80.0","-9.89","55.87"
"female","23","3","0","160","60.0","1324.0","198.6","79.44","52.96","1588.8","1.2","1588.8","48.0","0.0","31.44"
"male","22","3","1","178","73.0","1737.5","298.63","119.45","79.64","2389.06","1.38","2397.75","58.4","-8.69","61.05"
"male","39","4","0","165","106.0","1901.25","285.19","114.08","76.05","2281.5","1.2","2281.5","84.8","0.0","29.28"
"male","20","2","0","165","71.0","1646.25","246.94","98.78","65.85","1975.5","1.2","1975.5","56.8","0.0","41.98"
"male","39","3","0","155","87.0","1648.75","247.31","98.92","65.95","1978.5","1.2","1978.5","69.6","0.0","29.32"
"male","39","3","0","168","99.0","1850.0","277.5","111.0","74.0","2220.0","1.2","2220.0","79.2","0.0","31.8"
"male","19","3","3","180","58.0","1615.0","348.23","139.29","92.86","2785.87","1.73","2793.95","46.4","-8.08","92.89"
"male","28","3","1","178","80.0","1777.5","305.51","122.2","81.47","2444.06","1.38","2452.95","64.0","-8.89","58.2"
"male","25","3","0","168","70.0","1630.0","244.5","97.8","65.2","1956.0","1.2","1956.0","56.0","0.0","41.8"
"male","28","2","1","170","96.0","1887.5","324.41","129.77","86.51","2595.31","1.38","2604.75","76.8","-9.44","52.97"
"female","56","2","0","152","71.0","1219.0","182.85","73.14","48.76","1462.8","1.2","1462.8","56.8","0.0","16.34"
"female","21","2","0","155","48.0","1182.75","177.41","70.96","47.31","1419.3","1.2","1419.3","38.4","0.0","32.56"
"male","22","3","0","183","79.0","1828.75","274.31","109.72","73.15","2194.5","1.2","2194.5","63.2","0.0","46.52"
"female","22","3","0","152","56.0","1239.0","185.85","74.34","49.56","1486.8","1.2","1486.8","44.8","0.0","29.54"
"male","23","4","1","163","68.0","1588.75","273.07","109.23","72.82","2184.53","1.38","2192.48","54.4","-7.95","54.83"
"male","25","2","1","163","68.0","1578.75","271.35","108.54","72.36","2170.78","1.38","2178.67","54.4","-7.89","54.14"
"male","24","2","0","165","48.0","1396.25","209.44","83.78","55.85","1675.5","1.2","1675.5","38.4","0.0","45.38"
"male","22","2","0","163","79.0","1703.75","255.56","102.22","68.15","2044.5","1.2","2044.5","63.2","0.0","39.02"
"male","33","4","0","170","102.0","1922.5","288.38","115.35","76.9","2307.0","1.2","2307.0","81.6","0.0","33.75"
"female","22","4","0","168","101.0","1789.0","268.35","107.34","71.56","2146.8","1.2","2146.8","80.8","0.0","26.54"
"female","22","3","1","157","45.0","1160.25","199.42","79.77","53.18","1595.34","1.38","1601.15","36.0","-5.81","43.77"
"female","50","4","0","140","73.0","1194.0","179.1","71.64","47.76","1432.8","1.2","1432.8","58.4","0.0","13.24"
"female","20","3","0","168","48.0","1269.0","190.35","76.14","50.76","1522.8","1.2","1522.8","38.4","0.0","37.74"
"male","49","3","0","157","88.0","1621.25","243.19","97.28","64.85","1945.5","1.2","1945.5","70.4","0.0","26.88"
"female","60","2","0","155","79.0","1297.75","194.66","77.86","51.91","1557.3","1.2","1557.3","63.2","0.0","14.66"
"male","52","3","0","178","92.0","1777.5","266.62","106.65","71.1","2133.0","1.2","2133.0","73.6","0.0","33.05"
"female","21","2","2","157","74.0","1455.25","281.96","112.78","75.19","2255.64","1.55","2255.64","59.2","0.0","53.58"
"male","24","3","0","165","49.0","1406.25","210.94","84.38","56.25","1687.5","1.2","1687.5","39.2","0.0","45.18"
"female","32","3","0","140","80.0","1354.0","203.1","81.24","54.16","1624.8","1.2","1624.8","64.0","0.0","17.24"
"male","23","3","0","175","82.0","1803.75","270.56","108.22","72.15","2164.5","1.2","2164.5","65.6","0.0","42.62"
"female","32","3","0","157","76.0","1420.25","213.04","85.22","56.81","1704.3","1.2","1704.3","60.8","0.0","24.42"
"female","23","4","0","157","57.0","1275.25","191.29","76.52","51.01","1530.3","1.2","1530.3","45.6","0.0","30.92"
"female","25","3","0","160","65.0","1364.0","204.6","81.84","54.56","1636.8","1.2","1636.8","52.0","0.0","29.84"
"female","37","3","0","160","46.0","1114.0","167.1","66.84","44.56","1336.8","1.2","1336.8","36.8","0.0","30.04"
"male","29","2","1","168","91.0","1820.0","312.81","125.12","83.42","2502.5","1.38","2511.6","72.8","-9.1","52.32"
"female","21","3","0","163","45.0","1202.75","180.41","72.17","48.11","1443.3","1.2","1443.3","36.0","0.0","36.17"
"male","28","3","0","173","125.0","2196.25","329.44","131.78","87.85","2635.5","1.2","2635.5","100.0","0.0","31.78"
"male","52","3","0","168","50.0","1295.0","194.25","77.7","51.8","1554.0","1.2","1554.0","40.0","0.0","37.7"
"female","29","3","0","152","100.0","1644.0","246.6","98.64","65.76","1972.8","1.2","1972.8","80.0","0.0","18.64"
"female","21","2","0","160","55.0","1284.0","192.6","77.04","51.36","1540.8","1.2","1540.8","44.0","0.0","33.04"
"female","23","3","0","163","48.0","1222.75","183.41","73.36","48.91","1467.3","1.2","1467.3","38.4","0.0","34.96"
"female","26","3","0","155","89.0","1567.75","235.16","94.06","62.71","1881.3","1.2","1881.3","71.2","0.0","22.86"
"female","22","2","0","170","48.0","1271.5","190.72","76.29","50.86","1525.8","1.2","1525.8","38.4","0.0","37.89"
"female","37","3","0","155","100.0","1622.75","243.41","97.36","64.91","1947.3","1.2","1947.3","80.0","0.0","17.36"
"male","21","2","1","170","76.0","1722.5","296.06","118.42","78.95","2368.44","1.38","2377.05","60.8","-8.61","57.62"
"male","22","3","4","160","50.0","1395.0","331.31","132.52","88.35","2650.5","1.9","2650.5","40.0","0.0","92.52"
"male","25","3","0","160","85.0","1730.0","259.5","103.8","69.2","2076.0","1.2","2076.0","68.0","0.0","35.8"
"female","27","3","0","152","94.0","1594.0","239.1","95.64","63.76","1912.8","1.2","1912.8","75.2","0.0","20.44"
"female","48","3","0","145","99.0","1495.25","224.29","89.72","59.81","1794.3","1.2","1794.3","79.2","0.0","10.52"
"male","24","3","2","180","65.0","1660.0","321.62","128.65","85.77","2573.0","1.55","2573.0","52.0","0.0","76.65"
"male","23","3","0","165","73.0","1651.25","247.69","99.08","66.05","1981.5","1.2","1981.5","58.4","0.0","40.68"
"male","23","3","0","163","107.0","1978.75","296.81","118.72","79.15","2374.5","1.2","2374.5","85.6","0.0","33.12"
"female","31","3","0","142","81.0","1381.5","207.22","82.89","55.26","1657.8","1.2","1657.8","64.8","0.0","18.09"
"male","25","2","0","165","50.0","1411.25","211.69","84.68","56.45","1693.5","1.2","1693.5","40.0","0.0","44.68"
"male","26","2","0","168","135.0","2275.0","341.25","136.5","91.0","2730.0","1.2","2730.0","108.0","0.0","28.5"
"male","23","3","0","173","56.0","1531.25","229.69","91.88","61.25","1837.5","1.2","1837.5","44.8","0.0","47.08"
"male","21","3","1","170","64.0","1602.5","275.43","110.17","73.45","2203.44","1.38","2211.45","51.2","-8.01","58.97"
"female","22","3","0","163","51.0","1257.75","188.66","75.46","50.31","1509.3","1.2","1509.3","40.8","0.0","34.66"
"female","24","2","0","137","55.0","1125.25","168.79","67.52","45.01","1350.3","1.2","1350.3","44.0","0.0","23.52"
"male","24","4","0","180","85.0","1860.0","279.0","111.6","74.4","2232.0","1.2","2232.0","68.0","0.0","43.6"
"female","23","3","0","157","48.0","1185.25","177.79","71.11","47.41","1422.3","1.2","1422.3","38.4","0.0","32.71"
"female","21","2","0","163","60.0","1352.75","202.91","81.17","54.11","1623.3","1.2","1623.3","48.0","0.0","33.17"
"male","23","2","0","178","60.0","1602.5","240.38","96.15","64.1","1923.0","1.2","1923.0","48.0","0.0","48.15"
"female","20","3","1","155","56.0","1267.75","217.9","87.16","58.1","1743.16","1.38","1749.5","44.8","-6.34","42.36"
"female","22","4","0","160","60.0","1329.0","199.35","79.74","53.16","1594.8","1.2","1594.8","48.0","0.0","31.74"
"female","30","3","0","170","65.0","1401.5","210.22","84.09","56.06","1681.8","1.2","1681.8","52.0","0.0","32.09"
"male","24","4","2","175","82.0","1798.75","348.51","139.4","92.94","2788.06","1.55","2788.06","65.6","0.0","73.8"
"male","22","3","0","173","75.0","1726.25","258.94","103.58","69.05","2071.5","1.2","2071.5","60.0","0.0","43.58"
"female","25","2","0","168","92.0","1684.0","252.6","101.04","67.36","2020.8","1.2","2020.8","73.6","0.0","27.44"
"female","22","3","4","155","49.0","1187.75","282.09","112.84","75.22","2256.72","1.9","2256.73","39.2","-0.01","73.64"
"female","23","4","0","155","67.0","1362.75","204.41","81.76","54.51","1635.3","1.2","1635.3","53.6","0.0","28.16"
"female","36","3","0","140","86.0","1394.0","209.1","83.64","55.76","1672.8","1.2","1672.8","68.8","0.0","14.84"
"female","30","3","0","152","95.0","1589.0","238.35","95.34","63.56","1906.8","1.2","1906.8","76.0","0.0","19.34"
"male","22","3","0","165","98.0","1906.25","285.94","114.38","76.25","2287.5","1.2","2287.5","78.4","0.0","35.98"
"female","23","3","0","155","42.0","1112.75","166.91","66.76","44.51","1335.3","1.2","1335.3","33.6","0.0","33.16"
"female","23","3","0","160","90.0","1624.0","243.6","97.44","64.96","1948.8","1.2","1948.8","72.0","0.0","25.44"
"male","24","3","0","168","116.0","2095.0","314.25","125.7","83.8","2514.0","1.2","2514.0","92.8","0.0","32.9"
"male","24","3","0","163","110.0","2003.75","300.56","120.22","80.15","2404.5","1.2","2404.5","88.0","0.0","32.22"
"male","22","2","0","163","55.0","1463.75","219.56","87.82","58.55","1756.5","1.2","1756.5","44.0","0.0","43.82"
"male","22","2","1","175","65.0","1638.75","281.66","112.66","75.11","2253.28","1.38","2261.48","52.0","-8.2","60.66"
"male","25","3","0","173","54.0","1501.25","225.19","90.08","60.05","1801.5","1.2","1801.5","43.2","0.0","46.88"
"female","39","3","0","137","80.0","1300.25","195.04","78.02","52.01","1560.3","1.2","1560.3","64.0","0.0","14.02"
"male","25","3","0","168","50.0","1430.0","214.5","85.8","57.2","1716.0","1.2","1716.0","40.0","0.0","45.8"
"male","21","3","0","168","76.0","1710.0","256.5","102.6","68.4","2052.0","1.2","2052.0","60.8","0.0","41.8"
"female","22","3","1","163","50.0","1247.75","214.46","85.78","57.19","1715.66","1.38","1721.89","40.0","-6.23","45.78"
"male","21","3","3","175","80.0","1793.75","386.78","154.71","103.14","3094.22","1.73","3103.19","64.0","-8.97","90.71"
"male","21","3","0","178","72.0","1732.5","259.88","103.95","69.3","2079.0","1.2","2079.0","57.6","0.0","46.35"
"female","24","2","0","152","65.0","1319.0","197.85","79.14","52.76","1582.8","1.2","1582.8","52.0","0.0","27.14"
"male","22","3","2","168","66.0","1605.0","310.97","124.39","82.92","2487.75","1.55","2487.75","52.8","0.0","71.59"
"male","24","4","4","165","70.0","1616.25","383.86","153.54","102.36","3070.87","1.9","3070.88","56.0","-0.01","97.54"
"female","22","3","2","170","70.0","1491.5","288.98","115.59","77.06","2311.82","1.55","2311.83","56.0","-0.01","59.59"
"male","27","3","0","175","116.0","2123.75","318.56","127.42","84.95","2548.5","1.2","2548.5","92.8","0.0","34.62"
"female","23","3","0","152","43.0","1104.0","165.6","66.24","44.16","1324.8","1.2","1324.8","34.4","0.0","31.84"
"male","22","2","2","175","60.0","1588.75","307.82","123.13","82.08","2462.56","1.55","2462.56","48.0","0.0","75.13"
"female","21","2","1","142","55.0","1171.5","201.35","80.54","53.69","1610.82","1.38","1616.67","44.0","-5.85","36.54"
"female","22","4","0","152","50.0","1179.0","176.85","70.74","47.16","1414.8","1.2","1414.8","40.0","0.0","30.74"
"male","20","2","0","168","70.0","1655.0","248.25","99.3","66.2","1986.0","1.2","1986.0","56.0","0.0","43.3"
"male","23","3","0","170","56.0","1512.5","226.88","90.75","60.5","1815.0","1.2","1815.0","44.8","0.0","45.95"
"female","28","4","0","157","95.0","1630.25","244.54","97.82","65.21","1956.3","1.2","1956.3","76.0","0.0","21.82"
"female","29","3","0","168","108.0","1824.0","273.6","109.44","72.96","2188.8","1.2","2188.8","86.4","0.0","23.04"
"female","30","3","0","140","85.0","1414.0","212.1","84.84","56.56","1696.8","1.2","1696.8","68.0","0.0","16.84"
"female","28","3","0","157","76.0","1440.25","216.04","86.42","57.61","1728.3","1.2","1728.3","60.8","0.0","25.62"
"male","28","2","1","175","82.0","1778.75","305.72","122.29","81.53","2445.78","1.38","2454.67","65.6","-8.89","56.69"
"male","25","2","0","168","95.0","1880.0","282.0","112.8","75.2","2256.0","1.2","2256.0","76.0","0.0","36.8"
"male","30","3","1","175","107.0","2018.75","346.97","138.79","92.53","2775.78","1.38","2785.88","85.6","-10.1","53.19"
"male","22","3","1","178","89.0","1897.5","326.13","130.45","86.97","2609.06","1.38","2618.55","71.2","-9.49","59.25"
"male","21","3","0","173","51.0","1491.25","223.69","89.48","59.65","1789.5","1.2","1789.5","40.8","0.0","48.68"
"male","29","3","0","155","108.0","1908.75","286.31","114.52","76.35","2290.5","1.2","2290.5","86.4","0.0","28.12"
"male","25","3","0","155","103.0","1878.75","281.81","112.72","75.15","2254.5","1.2","2254.5","82.4","0.0","30.32"
"male","40","3","0","157","90.0","1686.25","252.94","101.18","67.45","2023.5","1.2","2023.5","72.0","0.0","29.18"
"male","21","3","0","173","110.0","2081.25","312.19","124.88","83.25","2497.5","1.2","2497.5","88.0","0.0","36.88"
"female","24","4","2","152","54.0","1209.0","234.24","93.7","62.46","1873.95","1.55","1873.95","43.2","0.0","50.5"
"male","24","3","4","170","81.0","1757.5","417.41","166.96","111.31","3339.24","1.9","3339.25","64.8","-0.01","102.16"
"male","35","3","0","163","111.0","1958.75","293.81","117.52","78.35","2350.5","1.2","2350.5","88.8","0.0","28.72"
"female","22","2","1","155","95.0","1647.75","283.21","113.28","75.52","2265.66","1.38","2273.9","76.0","-8.24","37.28"
"male","23","3","0","165","109.0","2011.25","301.69","120.68","80.45","2413.5","1.2","2413.5","87.2","0.0","33.48"
"male","30","3","0","165","98.0","1866.25","279.94","111.98","74.65","2239.5","1.2","2239.5","78.4","0.0","33.58"
"female","46","4","0","147","72.0","1247.75","187.16","74.86","49.91","1497.3","1.2","1497.3","57.6","0.0","17.26"
"male","26","3","2","173","93.0","1886.25","365.46","146.18","97.46","2923.68","1.55","2923.69","74.4","-0.01","71.78"
"female","49","2","0","157","68.0","1255.25","188.29","75.32","50.21","1506.3","1.2","1506.3","54.4","0.0","20.92"
"male","21","3","4","175","75.0","1743.75","414.14","165.66","110.44","3313.13","1.9","3313.13","60.0","0.0","105.66"
"female","20","4","0","155","54.0","1247.75","187.16","74.86","49.91","1497.3","1.2","1497.3","43.2","0.0","31.66"
"male","18","4","0","165","112.0","2066.25","309.94","123.98","82.65","2479.5","1.2","2479.5","89.6","0.0","34.38"
"male","34","3","0","165","50.0","1366.25","204.94","81.98","54.65","1639.5","1.2","1639.5","40.0","0.0","41.98"
"male","25","3","0","183","68.0","1703.75","255.56","102.22","68.15","2044.5","1.2","2044.5","54.4","0.0","47.82"
"female","24","4","0","157","72.0","1420.25","213.04","85.22","56.81","1704.3","1.2","1704.3","57.6","0.0","27.62"
"female","21","2","4","157","58.0","1295.25","307.62","123.05","82.03","2460.97","1.9","2460.98","46.4","-0.01","76.65"
"male","28","3","1","173","90.0","1846.25","317.32","126.93","84.62","2538.6","1.38","2547.83","72.0","-9.23","54.93"
"male","26","3","0","175","108.0","2048.75","307.31","122.92","81.95","2458.5","1.2","2458.5","86.4","0.0","36.52"
"male","23","3","1","168","92.0","1860.0","319.69","127.88","85.25","2557.5","1.38","2566.8","73.6","-9.3","54.28"
"male","20","2","1","163","68.0","1603.75","275.64","110.26","73.5","2205.16","1.38","2213.17","54.4","-8.01","55.86"
"male","52","3","0","168","50.0","1295.0","194.25","77.7","51.8","1554.0","1.2","1554.0","40.0","0.0","37.7"
"male","27","3","0","165","72.0","1621.25","243.19","97.28","64.85","1945.5","1.2","1945.5","57.6","0.0","39.68"
"male","21","3","1","170","85.0","1812.5","311.52","124.61","83.07","2492.18","1.38","2501.25","68.0","-9.07","56.61"
"female","25","2","0","157","75.0","1445.25","216.79","86.72","57.81","1734.3","1.2","1734.3","60.0","0.0","26.72"
"female","16","3","0","152","48.0","1189.0","178.35","71.34","47.56","1426.8","1.2","1426.8","38.4","0.0","32.94"
"female","22","3","0","170","58.0","1371.5","205.72","82.29","54.86","1645.8","1.2","1645.8","46.4","0.0","35.89"
"male","27","4","1","180","109.0","2085.0","358.36","143.34","95.56","2866.87","1.38","2877.3","87.2","-10.43","56.14"
"female","45","2","1","142","57.0","1071.5","184.16","73.67","49.11","1473.31","1.38","1478.67","45.6","-5.36","28.07"
"male","23","4","3","178","110.0","2102.5","453.35","181.34","120.89","3626.82","1.73","3637.33","88.0","-10.51","93.34"
"male","24","4","0","178","126.0","2257.5","338.62","135.45","90.3","2709.0","1.2","2709.0","100.8","0.0","34.65"
"female","20","3","0","163","49.0","1247.75","187.16","74.86","49.91","1497.3","1.2","1497.3","39.2","0.0","35.66"
"female","29","2","0","152","76.0","1404.0","210.6","84.24","56.16","1684.8","1.2","1684.8","60.8","0.0","23.44"
"male","46","3","0","168","52.0","1345.0","201.75","80.7","53.8","1614.0","1.2","1614.0","41.6","0.0","39.1"
"female","35","2","0","155","77.0","1402.75","210.41","84.16","56.11","1683.3","1.2","1683.3","61.6","0.0","22.56"
"female","20","2","1","163","63.0","1387.75","238.52","95.41","63.6","1908.16","1.38","1915.09","50.4","-6.93","45.01"
"female","27","3","0","152","74.0","1394.0","209.1","83.64","55.76","1672.8","1.2","1672.8","59.2","0.0","24.44"
"male","22","3","0","160","108.0","1975.0","296.25","118.5","79.0","2370.0","1.2","2370.0","86.4","0.0","32.1"
"male","34","4","0","160","96.0","1795.0","269.25","107.7","71.8","2154.0","1.2","2154.0","76.8","0.0","30.9"
"female","23","3","0","140","72.0","1319.0","197.85","79.14","52.76","1582.8","1.2","1582.8","57.6","0.0","21.54"
"male","27","3","0","170","51.0","1442.5","216.38","86.55","57.7","1731.0","1.2","1731.0","40.8","0.0","45.75"
"female","28","3","0","145","87.0","1475.25","221.29","88.52","59.01","1770.3","1.2","1770.3","69.6","0.0","18.92"
"male","23","3","2","168","74.0","1680.0","325.5","130.2","86.8","2604.0","1.55","2604.0","59.2","0.0","71.0"
"female","22","2","0","160","63.0","1359.0","203.85","81.54","54.36","1630.8","1.2","1630.8","50.4","0.0","31.14"
"male","25","2","0","173","73.0","1691.25","253.69","101.48","67.65","2029.5","1.2","2029.5","58.4","0.0","43.08"
"male","25","3","0","157","89.0","1751.25","262.69","105.08","70.05","2101.5","1.2","2101.5","71.2","0.0","33.88"
"female","21","2","1","147","40.0","1052.75","180.94","72.38","48.25","1447.53","1.38","1452.79","32.0","-5.26","40.38"
"male","23","4","1","175","66.0","1643.75","282.52","113.01","75.34","2260.16","1.38","2268.38","52.8","-8.22","60.21"
"female","21","3","0","155","56.0","1262.75","189.41","75.76","50.51","1515.3","1.2","1515.3","44.8","0.0","30.96"
"male","21","3","0","165","56.0","1491.25","223.69","89.48","59.65","1789.5","1.2","1789.5","44.8","0.0","44.68"
"male","22","2","0","168","56.0","1505.0","225.75","90.3","60.2","1806.0","1.2","1806.0","44.8","0.0","45.5"
"male","43","4","1","178","90.0","1802.5","309.8","123.92","82.62","2478.44","1.38","2487.45","72.0","-9.01","51.92"
"male","23","3","1","170","75.0","1702.5","292.62","117.05","78.03","2340.94","1.38","2349.45","60.0","-8.51","57.05"
"female","21","2","0","135","45.0","1027.75","154.16","61.66","41.11","1233.3","1.2","1233.3","36.0","0.0","25.66"
"male","23","3","0","170","74.0","1692.5","253.88","101.55","67.7","2031.0","1.2","2031.0","59.2","0.0","42.35"
"female","28","3","0","157","45.0","1130.25","169.54","67.82","45.21","1356.3","1.2","1356.3","36.0","0.0","31.82"
"male","22","3","0","163","110.0","2013.75","302.06","120.82","80.55","2416.5","1.2","2416.5","88.0","0.0","32.82"
"male","23","3","1","168","67.0","1610.0","276.72","110.69","73.79","2213.76","1.38","2221.8","53.6","-8.04","57.09"
"female","20","3","0","157","42.0","1140.25","171.04","68.42","45.61","1368.3","1.2","1368.3","33.6","0.0","34.82"
"male","18","3","2","165","47.0","1416.25","274.4","109.76","73.17","2195.18","1.55","2195.19","37.6","-0.01","72.16"
"male","28","3","0","170","53.0","1457.5","218.62","87.45","58.3","1749.0","1.2","1749.0","42.4","0.0","45.05"
"male","27","3","0","163","45.0","1338.75","200.81","80.32","53.55","1606.5","1.2","1606.5","36.0","0.0","44.32"
"female","58","2","0","160","78.0","1329.0","199.35","79.74","53.16","1594.8","1.2","1594.8","62.4","0.0","17.34"
"male","24","3","0","165","119.0","2106.25","315.94","126.38","84.25","2527.5","1.2","2527.5","95.2","0.0","31.18"
"male","23","3","0","178","73.0","1732.5","259.88","103.95","69.3","2079.0","1.2","2079.0","58.4","0.0","45.55"
"male","29","3","0","173","51.0","1451.25","217.69","87.08","58.05","1741.5","1.2","1741.5","40.8","0.0","46.28"
"female","23","3","0","163","50.0","1242.75","186.41","74.56","49.71","1491.3","1.2","1491.3","40.0","0.0","34.56"
"female","27","4","0","165","100.0","1735.25","260.29","104.12","69.41","2082.3","1.2","2082.3","80.0","0.0","24.12"
"female","23","4","0","163","91.0","1652.75","247.91","99.16","66.11","1983.3","1.2","1983.3","72.8","0.0","26.36"
"female","18","3","0","145","72.0","1375.25","206.29","82.52","55.01","1650.3","1.2","1650.3","57.6","0.0","24.92"
"male","23","3","0","163","49.0","1398.75","209.81","83.92","55.95","1678.5","1.2","1678.5","39.2","0.0","44.72"
"female","18","3","0","163","45.0","1217.75","182.66","73.06","48.71","1461.3","1.2","1461.3","36.0","0.0","37.06"
"female","41","3","0","145","101.0","1550.25","232.54","93.02","62.01","1860.3","1.2","1860.3","80.8","0.0","12.22"
"male","24","3","1","170","58.0","1527.5","262.54","105.02","70.01","2100.31","1.38","2107.95","46.4","-7.64","58.62"
"female","22","3","1","173","80.0","1610.25","276.76","110.7","73.8","2214.09","1.38","2222.15","64.0","-8.06","46.7"
"male","21","3","1","165","104.0","1971.25","338.81","135.52","90.35","2710.47","1.38","2720.33","83.2","-9.86","52.32"
"female","18","4","0","155","83.0","1547.75","232.16","92.86","61.91","1857.3","1.2","1857.3","66.4","0.0","26.46"
"female","30","3","0","160","45.0","1139.0","170.85","68.34","45.56","1366.8","1.2","1366.8","36.0","0.0","32.34"
"female","24","2","0","155","63.0","1317.75","197.66","79.06","52.71","1581.3","1.2","1581.3","50.4","0.0","28.66"
"male","26","2","0","168","89.0","1815.0","272.25","108.9","72.6","2178.0","1.2","2178.0","71.2","0.0","37.7"
"male","17","3","4","168","55.0","1520.0","361.0","144.4","96.27","2888.0","1.9","2888.0","44.0","0.0","100.4"
"female","22","3","0","152","75.0","1429.0","214.35","85.74","57.16","1714.8","1.2","1714.8","60.0","0.0","25.74"
"male","25","3","0","168","117.0","2100.0","315.0","126.0","84.0","2520.0","1.2","2520.0","93.6","0.0","32.4"
"male","29","3","0","165","97.0","1861.25","279.19","111.68","74.45","2233.5","1.2","2233.5","77.6","0.0","34.08"
"male","23","3","2","165","65.0","1571.25","304.43","121.77","81.18","2435.44","1.55","2435.44","52.0","0.0","69.77"
"male","23","3","0","157","45.0","1321.25","198.19","79.28","52.85","1585.5","1.2","1585.5","36.0","0.0","43.28"
"female","49","3","0","157","45.0","1025.25","153.79","61.52","41.01","1230.3","1.2","1230.3","36.0","0.0","25.52"
"female","27","3","0","168","45.0","1204.0","180.6","72.24","48.16","1444.8","1.2","1444.8","36.0","0.0","36.24"
"female","16","4","0","160","60.0","1359.0","203.85","81.54","54.36","1630.8","1.2","1630.8","48.0","0.0","33.54"
"male","22","2","0","165","63.0","1556.25","233.44","93.38","62.25","1867.5","1.2","1867.5","50.4","0.0","42.98"
"female","55","3","0","142","110.0","1551.5","232.72","93.09","62.06","1861.8","1.2","1861.8","88.0","0.0","5.09"
"male","30","4","0","165","107.0","1956.25","293.44","117.38","78.25","2347.5","1.2","2347.5","85.6","0.0","31.78"
"female","47","3","0","160","105.0","1654.0","248.1","99.24","66.16","1984.8","1.2","1984.8","84.0","0.0","15.24"
"male","17","3","1","168","70.0","1670.0","287.03","114.81","76.54","2296.25","1.38","2304.6","56.0","-8.35","58.81"
"male","29","3","0","165","98.0","1871.25","280.69","112.28","74.85","2245.5","1.2","2245.5","78.4","0.0","33.88"
"male","37","4","0","165","102.0","1871.25","280.69","112.28","74.85","2245.5","1.2","2245.5","81.6","0.0","30.68"
"female","22","3","0","135","71.0","1282.75","192.41","76.96","51.31","1539.3","1.2","1539.3","56.8","0.0","20.16"
"female","25","3","0","155","87.0","1552.75","232.91","93.16","62.11","1863.3","1.2","1863.3","69.6","0.0","23.56"
"female","22","3","2","130","57.0","1111.5","215.35","86.14","57.43","1722.82","1.55","1722.83","45.6","-0.01","40.54"
"female","39","2","1","152","63.0","1224.0","210.38","84.15","56.1","1683.0","1.38","1689.12","50.4","-6.12","33.75"
"male","25","3","2","180","65.0","1655.0","320.66","128.26","85.51","2565.25","1.55","2565.25","52.0","0.0","76.26"
"female","22","4","0","160","60.0","1329.0","199.35","79.74","53.16","1594.8","1.2","1594.8","48.0","0.0","31.74"
"male","35","3","0","173","55.0","1461.25","219.19","87.68","58.45","1753.5","1.2","1753.5","44.0","0.0","43.68"
"male","22","2","4","180","81.0","1830.0","434.62","173.85","115.9","3477.0","1.9","3477.0","64.8","0.0","109.05"
"male","20","3","0","173","68.0","1666.25","249.94","99.98","66.65","1999.5","1.2","1999.5","54.4","0.0","45.58"
"male","39","3","0","152","92.0","1680.0","252.0","100.8","67.2","2016.0","1.2","2016.0","73.6","0.0","27.2"
"male","25","2","0","168","65.0","1580.0","237.0","94.8","63.2","1896.0","1.2","1896.0","52.0","0.0","42.8"
"male","15","3","0","165","78.0","1741.25","261.19","104.48","69.65","2089.5","1.2","2089.5","62.4","0.0","42.08"
"male","18","3","0","163","43.0","1363.75","204.56","81.82","54.55","1636.5","1.2","1636.5","34.4","0.0","47.42"
"female","22","2","4","160","70.0","1429.0","339.39","135.76","90.5","2715.1","1.9","2715.1","56.0","0.0","79.76"
"male","34","4","0","163","99.0","1843.75","276.56","110.62","73.75","2212.5","1.2","2212.5","79.2","0.0","31.42"
"male","23","2","2","180","63.0","1645.0","318.72","127.49","84.99","2549.76","1.55","2549.75","50.4","0.01","77.09"
"male","23","3","1","170","65.0","1602.5","275.43","110.17","73.45","2203.44","1.38","2211.45","52.0","-8.01","58.17"
"male","23","2","0","165","75.0","1671.25","250.69","100.28","66.85","2005.5","1.2","2005.5","60.0","0.0","40.28"
"female","50","3","0","163","49.0","1097.75","164.66","65.86","43.91","1317.3","1.2","1317.3","39.2","0.0","26.66"
"male","22","3","2","173","75.0","1726.25","334.46","133.78","89.19","2675.69","1.55","2675.69","60.0","0.0","73.78"
"male","24","3","0","165","88.0","1796.25","269.44","107.78","71.85","2155.5","1.2","2155.5","70.4","0.0","37.38"
"male","22","3","1","180","98.0","2000.0","343.75","137.5","91.67","2750.0","1.38","2760.0","78.4","-10.0","59.1"
"female","22","2","0","168","150.0","2279.0","341.85","136.74","91.16","2734.8","1.2","2734.8","120.0","0.0","16.74"
"male","23","2","0","175","56.0","1543.75","231.56","92.62","61.75","1852.5","1.2","1852.5","44.8","0.0","47.82"
"female","23","3","0","157","45.0","1155.25","173.29","69.32","46.21","1386.3","1.2","1386.3","36.0","0.0","33.32"
"male","22","3","0","170","76.0","1717.5","257.62","103.05","68.7","2061.0","1.2","2061.0","60.8","0.0","42.25"
"male","25","3","0","178","132.0","2312.5","346.88","138.75","92.5","2775.0","1.2","2775.0","105.6","0.0","33.15"
"male","48","3","0","173","55.0","1396.25","209.44","83.78","55.85","1675.5","1.2","1675.5","44.0","0.0","39.78"
"male","43","3","0","155","87.0","1628.75","244.31","97.72","65.15","1954.5","1.2","1954.5","69.6","0.0","28.12"
"female","22","2","0","142","54.0","1156.5","173.48","69.39","46.26","1387.8","1.2","1387.8","43.2","0.0","26.19"
"male","23","3","0","165","49.0","1411.25","211.69","84.68","56.45","1693.5","1.2","1693.5","39.2","0.0","45.48"
"male","33","4","0","173","105.0","1971.25","295.69","118.28","78.85","2365.5","1.2","2365.5","84.0","0.0","34.28"
"female","36","3","0","142","92.0","1466.5","219.98","87.99","58.66","1759.8","1.2","1759.8","73.6","0.0","14.39"
"female","23","3","0","165","57.0","1325.25","198.79","79.52","53.01","1590.3","1.2","1590.3","45.6","0.0","33.92"
"female","29","3","0","142","92.0","1501.5","225.22","90.09","60.06","1801.8","1.2","1801.8","73.6","0.0","16.49"
"male","21","4","4","168","69.0","1640.0","389.5","155.8","103.87","3116.0","1.9","3116.0","55.2","0.0","100.6"
"male","22","2","0","165","53.0","1456.25","218.44","87.38","58.25","1747.5","1.2","1747.5","42.4","0.0","44.98"
"male","47","2","0","157","67.0","1421.25","213.19","85.28","56.85","1705.5","1.2","1705.5","53.6","0.0","31.68"
"female","22","3","0","160","42.0","1149.0","172.35","68.94","45.96","1378.8","1.2","1378.8","33.6","0.0","35.34"
"female","23","2","0","163","58.0","1322.75","198.41","79.36","52.91","1587.3","1.2","1587.3","46.4","0.0","32.96"
"female","35","3","0","142","73.0","1281.5","192.22","76.89","51.26","1537.8","1.2","1537.8","58.4","0.0","18.49"
"male","22","3","4","168","80.0","1745.0","414.44","165.78","110.52","3315.5","1.9","3315.5","64.0","0.0","101.78"
"male","40","3","0","173","54.0","1426.25","213.94","85.58","57.05","1711.5","1.2","1711.5","43.2","0.0","42.38"
"male","22","3","1","165","55.0","1476.25","253.73","101.49","67.66","2029.84","1.38","2037.23","44.0","-7.39","57.49"
"female","39","3","0","163","49.0","1152.75","172.91","69.17","46.11","1383.3","1.2","1383.3","39.2","0.0","29.97"
"male","33","3","0","163","99.0","1848.75","277.31","110.92","73.95","2218.5","1.2","2218.5","79.2","0.0","31.72"
"male","36","2","3","168","85.0","1725.0","371.95","148.78","99.19","2975.63","1.73","2984.25","68.0","-8.62","80.78"
"male","23","4","1","175","98.0","1963.75","337.52","135.01","90.0","2700.16","1.38","2709.98","78.4","-9.82","56.61"
"male","27","2","0","168","50.0","1420.0","213.0","85.2","56.8","1704.0","1.2","1704.0","40.0","0.0","45.2"
"female","21","2","0","157","58.0","1295.25","194.29","77.72","51.81","1554.3","1.2","1554.3","46.4","0.0","31.32"
"male","22","2","0","165","78.0","1706.25","255.94","102.38","68.25","2047.5","1.2","2047.5","62.4","0.0","39.98"
"male","23","2","1","173","80.0","1771.25","304.43","121.77","81.18","2435.47","1.38","2444.33","64.0","-8.86","57.77"
"male","21","3","0","183","70.0","1743.75","261.56","104.62","69.75","2092.5","1.2","2092.5","56.0","0.0","48.62"
"male","22","3","0","188","98.0","2050.0","307.5","123.0","82.0","2460.0","1.2","2460.0","78.4","0.0","44.6"
"male","32","4","0","163","99.0","1853.75","278.06","111.22","74.15","2224.5","1.2","2224.5","79.2","0.0","32.02"
"female","18","3","0","163","50.0","1267.75","190.16","76.06","50.71","1521.3","1.2","1521.3","40.0","0.0","36.06"
"female","27","3","0","137","72.0","1280.25","192.04","76.82","51.21","1536.3","1.2","1536.3","57.6","0.0","19.22"
"male","23","3","4","175","60.0","1583.75","376.14","150.46","100.3","3009.12","1.9","3009.13","48.0","-0.01","102.46"
"male","19","2","0","180","86.0","1895.0","284.25","113.7","75.8","2274.0","1.2","2274.0","68.8","0.0","44.9"
"male","50","4","0","155","88.0","1603.75","240.56","96.22","64.15","1924.5","1.2","1924.5","70.4","0.0","25.82"
"female","20","4","0","132","76.0","1324.0","198.6","79.44","52.96","1588.8","1.2","1588.8","60.8","0.0","18.64"
"male","22","2","0","180","97.0","1990.0","298.5","119.4","79.6","2388.0","1.2","2388.0","77.6","0.0","41.8"
"female","21","4","0","152","62.0","1304.0","195.6","78.24","52.16","1564.8","1.2","1564.8","49.6","0.0","28.64"
"male","23","3","0","168","46.0","1400.0","210.0","84.0","56.0","1680.0","1.2","1680.0","36.8","0.0","47.2"
"male","22","3","0","165","113.0","2056.25","308.44","123.38","82.25","2467.5","1.2","2467.5","90.4","0.0","32.98"
"female","26","3","0","145","85.0","1465.25","219.79","87.92","58.61","1758.3","1.2","1758.3","68.0","0.0","19.92"
"male","25","3","0","160","42.0","1300.0","195.0","78.0","52.0","1560.0","1.2","1560.0","33.6","0.0","44.4"
"male","24","2","1","163","70.0","1603.75","275.64","110.26","73.5","2205.16","1.38","2213.17","56.0","-8.01","54.26"
"female","23","2","0","165","111.0","1865.25","279.79","111.92","74.61","2238.3","1.2","2238.3","88.8","0.0","23.12"
"female","22","3","0","160","38.0","1109.0","166.35","66.54","44.36","1330.8","1.2","1330.8","30.4","0.0","36.14"
"female","21","4","1","175","70.0","1527.75","262.58","105.03","70.02","2100.66","1.38","2108.29","56.0","-7.63","49.03"
"male","20","3","0","173","53.0","1516.25","227.44","90.98","60.65","1819.5","1.2","1819.5","42.4","0.0","48.58"
"male","22","3","0","175","69.0","1678.75","251.81","100.72","67.15","2014.5","1.2","2014.5","55.2","0.0","45.52"
"male","21","3","0","178","120.0","2212.5","331.88","132.75","88.5","2655.0","1.2","2655.0","96.0","0.0","36.75"
"male","23","2","1","163","89.0","1798.75","309.16","123.66","82.44","2473.28","1.38","2482.27","71.2","-8.99","52.46"
"male","24","3","0","165","119.0","2106.25","315.94","126.38","84.25","2527.5","1.2","2527.5","95.2","0.0","31.18"
"male","23","4","0","165","57.0","1491.25","223.69","89.48","59.65","1789.5","1.2","1789.5","45.6","0.0","43.88"
"female","23","2","1","160","63.0","1354.0","232.72","93.09","62.06","1861.75","1.38","1868.52","50.4","-6.77","42.69"
"female","19","3","0","152","72.0","1414.0","212.1","84.84","56.56","1696.8","1.2","1696.8","57.6","0.0","27.24"
"female","22","2","2","160","62.0","1349.0","261.37","104.55","69.7","2090.95","1.55","2090.95","49.6","0.0","54.95"
"male","22","3","0","163","47.0","1383.75","207.56","83.02","55.35","1660.5","1.2","1660.5","37.6","0.0","45.42"
"male","22","2","1","163","86.0","1773.75","304.86","121.94","81.3","2438.91","1.38","2447.77","68.8","-8.86","53.14"
"male","29","4","0","170","104.0","1962.5","294.38","117.75","78.5","2355.0","1.2","2355.0","83.2","0.0","34.55"
"female","45","2","0","157","88.0","1475.25","221.29","88.52","59.01","1770.3","1.2","1770.3","70.4","0.0","18.12"
"male","23","2","0","173","67.0","1641.25","246.19","98.48","65.65","1969.5","1.2","1969.5","53.6","0.0","44.88"
"male","28","3","0","152","88.0","1695.0","254.25","101.7","67.8","2034.0","1.2","2034.0","70.4","0.0","31.3"
"male","21","2","0","157","66.0","1541.25","231.19","92.48","61.65","1849.5","1.2","1849.5","52.8","0.0","39.68"
"female","52","4","0","152","69.0","1219.0","182.85","73.14","48.76","1462.8","1.2","1462.8","55.2","0.0","17.94"
"female","23","3","0","157","78.0","1485.25","222.79","89.12","59.41","1782.3","1.2","1782.3","62.4","0.0","26.72"
"male","26","4","2","175","105.0","2018.75","391.13","156.45","104.3","3129.06","1.55","3129.06","84.0","0.0","72.45"
"male","31","3","0","160","117.0","2020.0","303.0","121.2","80.8","2424.0","1.2","2424.0","93.6","0.0","27.6"
"female","21","3","0","163","46.0","1212.75","181.91","72.76","48.51","1455.3","1.2","1455.3","36.8","0.0","35.96"
"male","21","4","0","168","62.0","1570.0","235.5","94.2","62.8","1884.0","1.2","1884.0","49.6","0.0","44.6"
"male","23","2","1","168","91.0","1850.0","317.97","127.19","84.79","2543.76","1.38","2553.0","72.8","-9.24","54.39"
"male","22","3","0","170","85.0","1807.5","271.12","108.45","72.3","2169.0","1.2","2169.0","68.0","0.0","40.45"
"female","20","3","0","163","85.0","1607.75","241.16","96.46","64.31","1929.3","1.2","1929.3","68.0","0.0","28.46"
"female","28","3","0","155","75.0","1417.75","212.66","85.06","56.71","1701.3","1.2","1701.3","60.0","0.0","25.06"
"female","27","3","0","152","95.0","1604.0","240.6","96.24","64.16","1924.8","1.2","1924.8","76.0","0.0","20.24"
"male","18","2","0","163","79.0","1723.75","258.56","103.42","68.95","2068.5","1.2","2068.5","63.2","0.0","40.22"
"male","22","2","0","175","80.0","1788.75","268.31","107.32","71.55","2146.5","1.2","2146.5","64.0","0.0","43.32"
"female","23","2","4","157","55.0","1255.25","298.12","119.25","79.5","2384.98","1.9","2384.98","44.0","0.0","75.25"
"male","28","3","0","168","60.0","1515.0","227.25","90.9","60.6","1818.0","1.2","1818.0","48.0","0.0","42.9"
"male","20","2","1","165","77.0","1706.25","293.26","117.3","78.2","2346.09","1.38","2354.63","61.6","-8.54","55.7"
"male","28","3","0","170","50.0","1427.5","214.12","85.65","57.1","1713.0","1.2","1713.0","40.0","0.0","45.65"
"male","25","3","0","157","45.0","1311.25","196.69","78.68","52.45","1573.5","1.2","1573.5","36.0","0.0","42.68"
"male","21","3","2","165","60.0","1531.25","296.68","118.67","79.11","2373.44","1.55","2373.44","48.0","0.0","70.67"
"female","28","3","0","140","71.0","1284.0","192.6","77.04","51.36","1540.8","1.2","1540.8","56.8","0.0","20.24"
"male","19","4","0","168","105.0","2010.0","301.5","120.6","80.4","2412.0","1.2","2412.0","84.0","0.0","36.6"
"male","23","4","1","180","70.0","1715.0","294.77","117.91","78.6","2358.12","1.38","2366.7","56.0","-8.58","61.91"
"female","31","3","3","150","50.0","1121.5","241.82","96.73","64.49","1934.58","1.73","1940.2","40.0","-5.62","56.73"
"female","48","3","0","140","71.0","1184.0","177.6","71.04","47.36","1420.8","1.2","1420.8","56.8","0.0","14.24"
"female","24","3","1","152","65.0","1319.0","226.7","90.68","60.45","1813.62","1.38","1820.22","52.0","-6.6","38.68"
"female","21","4","0","145","80.0","1440.25","216.04","86.42","57.61","1728.3","1.2","1728.3","64.0","0.0","22.42"
"female","33","3","0","155","100.0","1642.75","246.41","98.56","65.71","1971.3","1.2","1971.3","80.0","0.0","18.56"
"female","37","3","0","155","98.0","1602.75","240.41","96.16","64.11","1923.3","1.2","1923.3","78.4","0.0","17.76"
"female","16","3","0","160","80.0","1559.0","233.85","93.54","62.36","1870.8","1.2","1870.8","64.0","0.0","29.54"
"male","23","3","1","170","100.0","1952.5","335.59","134.23","89.49","2684.69","1.38","2694.45","80.0","-9.76","54.23"
"male","22","3","1","180","65.0","1670.0","287.03","114.81","76.54","2296.25","1.38","2304.6","52.0","-8.35","62.81"
"male","30","3","0","173","63.0","1566.25","234.94","93.98","62.65","1879.5","1.2","1879.5","50.4","0.0","43.58"
"female","49","4","0","157","83.0","1405.25","210.79","84.32","56.21","1686.3","1.2","1686.3","66.4","0.0","17.92"
"female","56","2","0","155","62.0","1147.75","172.16","68.86","45.91","1377.3","1.2","1377.3","49.6","0.0","19.26"
"female","23","3","0","155","98.0","1672.75","250.91","100.36","66.91","2007.3","1.2","2007.3","78.4","0.0","21.96"
"female","32","4","2","140","56.0","1114.0","215.84","86.34","57.56","1726.7","1.55","1726.7","44.8","0.0","41.54"
"male","25","3","0","173","51.0","1471.25","220.69","88.28","58.85","1765.5","1.2","1765.5","40.8","0.0","47.48"
"female","22","3","0","145","66.0","1295.25","194.29","77.72","51.81","1554.3","1.2","1554.3","52.8","0.0","24.92"
"female","30","3","0","163","45.0","1157.75","173.66","69.46","46.31","1389.3","1.2","1389.3","36.0","0.0","33.46"
"male","20","3","0","157","88.0","1766.25","264.94","105.98","70.65","2119.5","1.2","2119.5","70.4","0.0","35.58"
"male","27","3","0","173","94.0","1891.25","283.69","113.48","75.65","2269.5","1.2","2269.5","75.2","0.0","38.28"
"female","28","4","0","142","79.0","1376.5","206.48","82.59","55.06","1651.8","1.2","1651.8","63.2","0.0","19.39"
"female","21","3","0","157","56.0","1275.25","191.29","76.52","51.01","1530.3","1.2","1530.3","44.8","0.0","31.72"
"female","22","2","1","157","50.0","1210.25","208.01","83.2","55.47","1664.1","1.38","1670.15","40.0","-6.05","43.2"
"female","18","4","0","160","78.0","1529.0","229.35","91.74","61.16","1834.8","1.2","1834.8","62.4","0.0","29.34"
"male","23","2","4","175","78.0","1763.75","418.89","167.56","111.7","3351.12","1.9","3351.13","62.4","-0.01","105.16"
"male","21","2","0","160","42.0","1320.0","198.0","79.2","52.8","1584.0","1.2","1584.0","33.6","0.0","45.6"
"female","21","2","0","152","64.0","1324.0","198.6","79.44","52.96","1588.8","1.2","1588.8","51.2","0.0","28.24"
"female","23","2","0","155","79.0","1482.75","222.41","88.96","59.31","1779.3","1.2","1779.3","63.2","0.0","25.76"
"male","28","4","0","157","87.0","1716.25","257.44","102.98","68.65","2059.5","1.2","2059.5","69.6","0.0","33.38"
"male","25","3","0","160","105.0","1930.0","289.5","115.8","77.2","2316.0","1.2","2316.0","84.0","0.0","31.8"
"female","28","3","0","142","88.0","1466.5","219.98","87.99","58.66","1759.8","1.2","1759.8","70.4","0.0","17.59"
"male","26","4","2","142","65.0","1412.5","273.67","109.47","72.98","2189.38","1.55","2189.38","52.0","0.0","57.47"
"male","23","3","0","173","101.0","1981.25","297.19","118.88","79.25","2377.5","1.2","2377.5","80.8","0.0","38.08"
"male","22","3","0","165","55.0","1476.25","221.44","88.58","59.05","1771.5","1.2","1771.5","44.0","0.0","44.58"
"male","22","2","1","170","56.0","1517.5","260.82","104.33","69.55","2086.56","1.38","2094.15","44.8","-7.59","59.53"
"female","23","3","0","155","89.0","1582.75","237.41","94.96","63.31","1899.3","1.2","1899.3","71.2","0.0","23.76"
"female","23","2","0","155","40.0","1092.75","163.91","65.56","43.71","1311.3","1.2","1311.3","32.0","0.0","33.56"
"male","23","3","0","165","115.0","2071.25","310.69","124.28","82.85","2485.5","1.2","2485.5","92.0","0.0","32.28"
"female","31","2","0","152","73.0","1364.0","204.6","81.84","54.56","1636.8","1.2","1636.8","58.4","0.0","23.44"
"male","23","3","3","180","93.0","1945.0","419.39","167.76","111.84","3355.12","1.73","3364.85","74.4","-9.73","93.36"
"male","59","2","4","168","80.0","1560.0","370.5","148.2","98.8","2964.0","1.9","2964.0","64.0","0.0","84.2"
"male","70","2","0","168","77.0","1475.0","221.25","88.5","59.0","1770.0","1.2","1770.0","61.6","0.0","26.9"
"male","22","2","0","185","87.0","1921.25","288.19","115.28","76.85","2305.5","1.2","2305.5","69.6","0.0","45.68"
"male","17","3","0","170","68.0","1662.5","249.38","99.75","66.5","1995.0","1.2","1995.0","54.4","0.0","45.35"
"male","21","3","0","175","70.0","1693.75","254.06","101.62","67.75","2032.5","1.2","2032.5","56.0","0.0","45.62"
"male","26","4","0","163","103.0","1923.75","288.56","115.42","76.95","2308.5","1.2","2308.5","82.4","0.0","33.02"
"male","34","3","0","152","83.0","1615.0","242.25","96.9","64.6","1938.0","1.2","1938.0","66.4","0.0","30.5"
"female","20","4","0","152","48.0","1169.0","175.35","70.14","46.76","1402.8","1.2","1402.8","38.4","0.0","31.74"
"male","24","3","0","163","42.0","1323.75","198.56","79.42","52.95","1588.5","1.2","1588.5","33.6","0.0","45.82"
"female","27","3","0","165","87.0","1605.25","240.79","96.32","64.21","1926.3","1.2","1926.3","69.6","0.0","26.72"
"male","22","4","0","165","50.0","1426.25","213.94","85.58","57.05","1711.5","1.2","1711.5","40.0","0.0","45.58"
"female","49","3","0","145","100.0","1500.25","225.04","90.02","60.01","1800.3","1.2","1800.3","80.0","0.0","10.02"
"male","21","2","0","163","55.0","1468.75","220.31","88.12","58.75","1762.5","1.2","1762.5","44.0","0.0","44.12"
"male","26","3","1","170","69.0","1627.5","279.73","111.89","74.59","2237.82","1.38","2245.95","55.2","-8.13","56.69"
"male","26","2","1","168","92.0","1845.0","317.11","126.84","84.56","2536.87","1.38","2546.1","73.6","-9.23","53.24"
"male","25","3","0","155","114.0","1988.75","298.31","119.32","79.55","2386.5","1.2","2386.5","91.2","0.0","28.12"
"male","28","3","0","160","50.0","1365.0","204.75","81.9","54.6","1638.0","1.2","1638.0","40.0","0.0","41.9"
"male","29","3","0","173","52.0","1461.25","219.19","87.68","58.45","1753.5","1.2","1753.5","41.6","0.0","46.08"
"male","20","3","0","165","41.0","1346.25","201.94","80.78","53.85","1615.5","1.2","1615.5","32.8","0.0","47.98"
"male","21","3","0","180","83.0","1855.0","278.25","111.3","74.2","2226.0","1.2","2226.0","66.4","0.0","44.9"
"female","24","3","0","160","47.0","1189.0","178.35","71.34","47.56","1426.8","1.2","1426.8","37.6","0.0","33.74"
"male","25","4","0","168","102.0","1950.0","292.5","117.0","78.0","2340.0","1.2","2340.0","81.6","0.0","35.4"
"male","22","3","0","168","70.0","1645.0","246.75","98.7","65.8","1974.0","1.2","1974.0","56.0","0.0","42.7"
"male","20","3","0","168","45.0","1405.0","210.75","84.3","56.2","1686.0","1.2","1686.0","36.0","0.0","48.3"
"male","20","3","0","170","52.0","1487.5","223.12","89.25","59.5","1785.0","1.2","1785.0","41.6","0.0","47.65"
"female","22","3","0","165","52.0","1280.25","192.04","76.82","51.21","1536.3","1.2","1536.3","41.6","0.0","35.22"
"female","27","3","0","157","77.0","1455.25","218.29","87.32","58.21","1746.3","1.2","1746.3","61.6","0.0","25.72"
"male","36","4","0","157","89.0","1696.25","254.44","101.78","67.85","2035.5","1.2","2035.5","71.2","0.0","30.58"
"female","25","3","0","163","42.0","1152.75","172.91","69.17","46.11","1383.3","1.2","1383.3","33.6","0.0","35.57"
"female","22","2","0","155","64.0","1337.75","200.66","80.26","53.51","1605.3","1.2","1605.3","51.2","0.0","29.06"
"male","16","3","1","173","85.0","1856.25","319.04","127.62","85.08","2552.34","1.38","2561.63","68.0","-9.29","59.62"
"male","24","3","0","168","59.0","1525.0","228.75","91.5","61.0","1830.0","1.2","1830.0","47.2","0.0","44.3"
"female","36","3","0","152","82.0","1429.0","214.35","85.74","57.16","1714.8","1.2","1714.8","65.6","0.0","20.14"
"female","34","4","0","155","46.0","1097.75","164.66","65.86","43.91","1317.3","1.2","1317.3","36.8","0.0","29.06"
"female","22","3","0","160","80.0","1529.0","229.35","91.74","61.16","1834.8","1.2","1834.8","64.0","0.0","27.74"
"female","20","3","1","168","85.0","1639.0","281.7","112.68","75.12","2253.62","1.38","2261.82","68.0","-8.2","44.68"
"female","30","3","0","145","74.0","1335.25","200.29","80.11","53.41","1602.3","1.2","1602.3","59.2","0.0","20.91"
"female","22","2","0","160","51.0","1239.0","185.85","74.34","49.56","1486.8","1.2","1486.8","40.8","0.0","33.54"
"male","38","3","0","160","91.0","1725.0","258.75","103.5","69.0","2070.0","1.2","2070.0","72.8","0.0","30.7"
"male","28","3","0","157","90.0","1746.25","261.94","104.78","69.85","2095.5","1.2","2095.5","72.0","0.0","32.78"
"male","23","2","1","168","88.0","1820.0","312.81","125.12","83.42","2502.5","1.38","2511.6","70.4","-9.1","54.72"
"female","22","2","0","163","56.0","1307.75","196.16","78.46","52.31","1569.3","1.2","1569.3","44.8","0.0","33.66"
"female","26","2","0","142","60.0","1196.5","179.48","71.79","47.86","1435.8","1.2","1435.8","48.0","0.0","23.79"
"male","29","3","0","152","79.0","1600.0","240.0","96.0","64.0","1920.0","1.2","1920.0","63.2","0.0","32.8"
"male","33","3","0","168","49.0","1380.0","207.0","82.8","55.2","1656.0","1.2","1656.0","39.2","0.0","43.6"
"male","25","3","0","168","126.0","2190.0","328.5","131.4","87.6","2628.0","1.2","2628.0","100.8","0.0","30.6"
"female","21","3","0","163","40.0","1152.75","172.91","69.17","46.11","1383.3","1.2","1383.3","32.0","0.0","37.17"
"male","23","3","0","160","81.0","1700.0","255.0","102.0","68.0","2040.0","1.2","2040.0","64.8","0.0","37.2"
"female","27","3","0","168","56.0","1314.0","197.1","78.84","52.56","1576.8","1.2","1576.8","44.8","0.0","34.04"
"male","28","3","0","183","140.0","2408.75","361.31","144.52","96.35","2890.5","1.2","2890.5","112.0","0.0","32.52"
"female","21","3","0","160","56.0","1294.0","194.1","77.64","51.76","1552.8","1.2","1552.8","44.8","0.0","32.84"
"female","24","3","4","160","63.0","1349.0","320.39","128.16","85.44","2563.1","1.9","2563.1","50.4","0.0","77.76"
"female","25","3","2","165","70.0","1445.25","280.02","112.01","74.67","2240.14","1.55","2240.14","56.0","0.0","56.01"
"male","43","2","0","160","68.0","1470.0","220.5","88.2","58.8","1764.0","1.2","1764.0","54.4","0.0","33.8"
"male","35","2","0","165","49.0","1351.25","202.69","81.08","54.05","1621.5","1.2","1621.5","39.2","0.0","41.88"
"male","30","3","0","170","94.0","1857.5","278.62","111.45","74.3","2229.0","1.2","2229.0","75.2","0.0","36.25"
"male","22","3","0","168","65.0","1595.0","239.25","95.7","63.8","1914.0","1.2","1914.0","52.0","0.0","43.7"
"female","41","3","0","140","70.0","1209.0","181.35","72.54","48.36","1450.8","1.2","1450.8","56.0","0.0","16.54"
"female","20","3","2","165","65.0","1420.25","275.17","110.07","73.38","2201.39","1.55","2201.39","52.0","0.0","58.07"
"female","22","3","0","145","88.0","1515.25","227.29","90.92","60.61","1818.3","1.2","1818.3","70.4","0.0","20.52"
"female","21","3","2","157","52.0","1235.25","239.33","95.73","63.82","1914.64","1.55","1914.64","41.6","0.0","54.13"
"male","24","2","1","173","95.0","1916.25","329.36","131.74","87.83","2634.84","1.38","2644.42","76.0","-9.58","55.74"
"male","26","2","0","170","91.0","1847.5","277.12","110.85","73.9","2217.0","1.2","2217.0","72.8","0.0","38.05"
"female","25","2","0","165","58.0","1325.25","198.79","79.52","53.01","1590.3","1.2","1590.3","46.4","0.0","33.12"
"male","23","2","4","180","65.0","1665.0","395.44","158.18","105.45","3163.5","1.9","3163.5","52.0","0.0","106.18"
"female","27","3","0","160","94.0","1644.0","246.6","98.64","65.76","1972.8","1.2","1972.8","75.2","0.0","23.44"
"female","24","3","0","152","98.0","1649.0","247.35","98.94","65.96","1978.8","1.2","1978.8","78.4","0.0","20.54"
"female","27","2","0","157","74.0","1425.25","213.79","85.52","57.01","1710.3","1.2","1710.3","59.2","0.0","26.32"
"male","38","3","0","173","108.0","1976.25","296.44","118.58","79.05","2371.5","1.2","2371.5","86.4","0.0","32.18"
"male","31","3","0","165","47.0","1351.25","202.69","81.08","54.05","1621.5","1.2","1621.5","37.6","0.0","43.48"
"male","21","3","0","170","111.0","2072.5","310.88","124.35","82.9","2487.0","1.2","2487.0","88.8","0.0","35.55"
"male","23","3","1","183","86.0","1893.75","325.49","130.2","86.8","2603.91","1.38","2613.38","68.8","-9.47","61.4"
"male","23","3","1","175","66.0","1643.75","282.52","113.01","75.34","2260.16","1.38","2268.38","52.8","-8.22","60.21"
"male","23","3","0","163","45.0","1358.75","203.81","81.53","54.35","1630.5","1.2","1630.5","36.0","0.0","45.53"
"male","22","3","0","185","84.0","1891.25","283.69","113.48","75.65","2269.5","1.2","2269.5","67.2","0.0","46.28"
"male","22","2","0","168","50.0","1445.0","216.75","86.7","57.8","1734.0","1.2","1734.0","40.0","0.0","46.7"
"male","23","2","0","180","79.0","1805.0","270.75","108.3","72.2","2166.0","1.2","2166.0","63.2","0.0","45.1"
"male","29","2","1","168","64.0","1550.0","266.41","106.56","71.04","2131.25","1.38","2139.0","51.2","-7.75","55.36"
"male","21","2","4","165","73.0","1661.25","394.55","157.82","105.21","3156.37","1.9","3156.38","58.4","-0.01","99.42"
"male","24","3","0","157","114.0","2006.25","300.94","120.38","80.25","2407.5","1.2","2407.5","91.2","0.0","29.18"
"female","39","3","0","163","47.0","1132.75","169.91","67.96","45.31","1359.3","1.2","1359.3","37.6","0.0","30.36"
"female","25","4","0","168","64.0","1404.0","210.6","84.24","56.16","1684.8","1.2","1684.8","51.2","0.0","33.04"
"female","18","3","1","165","47.0","1250.25","214.89","85.96","57.3","1719.1","1.38","1725.34","37.6","-6.24","48.36"
"male","22","3","0","178","92.0","1927.5","289.12","115.65","77.1","2313.0","1.2","2313.0","73.6","0.0","42.05"
"male","16","3","4","173","81.0","1816.25","431.36","172.54","115.03","3450.87","1.9","3450.88","64.8","-0.01","107.74"
"female","27","2","0","152","63.0","1284.0","192.6","77.04","51.36","1540.8","1.2","1540.8","50.4","0.0","26.64"
"female","53","3","0","152","76.0","1284.0","192.6","77.04","51.36","1540.8","1.2","1540.8","60.8","0.0","16.24"
"male","23","3","0","170","63.0","1582.5","237.38","94.95","63.3","1899.0","1.2","1899.0","50.4","0.0","44.55"
"female","38","3","0","152","96.0","1559.0","233.85","93.54","62.36","1870.8","1.2","1870.8","76.8","0.0","16.74"
"male","23","3","0","165","87.0","1791.25","268.69","107.48","71.65","2149.5","1.2","2149.5","69.6","0.0","37.88"
"female","51","2","0","157","78.0","1345.25","201.79","80.72","53.81","1614.3","1.2","1614.3","62.4","0.0","18.32"
"male","30","2","1","173","99.0","1926.25","331.07","132.43","88.29","2648.59","1.38","2658.23","79.2","-9.64","53.23"
"female","21","3","0","160","58.0","1314.0","197.1","78.84","52.56","1576.8","1.2","1576.8","46.4","0.0","32.44"
"female","26","2","3","157","59.0","1280.25","276.05","110.42","73.61","2208.43","1.73","2214.83","47.2","-6.4","63.22"
"female","45","3","0","142","110.0","1601.5","240.22","96.09","64.06","1921.8","1.2","1921.8","88.0","0.0","8.09"
"female","27","2","0","157","75.0","1435.25","215.29","86.12","57.41","1722.3","1.2","1722.3","60.0","0.0","26.12"
"female","28","2","0","163","55.0","1267.75","190.16","76.06","50.71","1521.3","1.2","1521.3","44.0","0.0","32.06"
"male","21","3","0","168","45.0","1400.0","210.0","84.0","56.0","1680.0","1.2","1680.0","36.0","0.0","48.0"
"male","23","4","0","168","84.0","1780.0","267.0","106.8","71.2","2136.0","1.2","2136.0","67.2","0.0","39.6"
"male","22","4","0","157","88.0","1756.25","263.44","105.38","70.25","2107.5","1.2","2107.5","70.4","0.0","34.98"
"male","26","3","2","178","76.0","1747.5","338.58","135.43","90.29","2708.63","1.55","2708.63","60.8","0.0","74.63"
"male","24","2","0","180","80.0","1810.0","271.5","108.6","72.4","2172.0","1.2","2172.0","64.0","0.0","44.6"
"female","23","2","0","152","65.0","1324.0","198.6","79.44","52.96","1588.8","1.2","1588.8","52.0","0.0","27.44"
"male","20","2","0","180","76.0","1790.0","268.5","107.4","71.6","2148.0","1.2","2148.0","60.8","0.0","46.6"
"male","22","3","0","168","52.0","1465.0","219.75","87.9","58.6","1758.0","1.2","1758.0","41.6","0.0","46.3"
"male","22","3","1","178","73.0","1737.5","298.63","119.45","79.64","2389.06","1.38","2397.75","58.4","-8.69","61.05"
"female","24","3","0","163","54.0","1277.75","191.66","76.67","51.11","1533.3","1.2","1533.3","43.2","0.0","33.47"
"male","50","3","0","173","110.0","1936.25","290.44","116.18","77.45","2323.5","1.2","2323.5","88.0","0.0","28.18"
"male","19","4","3","173","73.0","1721.25","371.14","148.46","98.97","2969.16","1.73","2977.76","58.4","-8.6","90.06"
"male","37","3","0","155","88.0","1668.75","250.31","100.12","66.75","2002.5","1.2","2002.5","70.4","0.0","29.72"
"female","25","3","0","145","93.0","1550.25","232.54","93.02","62.01","1860.3","1.2","1860.3","74.4","0.0","18.62"
"male","23","3","0","168","47.0","1410.0","211.5","84.6","56.4","1692.0","1.2","1692.0","37.6","0.0","47.0"
"female","27","3","0","152","71.0","1364.0","204.6","81.84","54.56","1636.8","1.2","1636.8","56.8","0.0","25.04"
"male","22","4","0","160","98.0","1875.0","281.25","112.5","75.0","2250.0","1.2","2250.0","78.4","0.0","34.1"
"female","40","4","0","145","75.0","1295.25","194.29","77.72","51.81","1554.3","1.2","1554.3","60.0","0.0","17.72"
"male","23","3","0","173","75.0","1721.25","258.19","103.28","68.85","2065.5","1.2","2065.5","60.0","0.0","43.28"
"male","21","3","0","180","69.0","1715.0","257.25","102.9","68.6","2058.0","1.2","2058.0","55.2","0.0","47.7"
"female","33","3","0","152","99.0","1614.0","242.1","96.84","64.56","1936.8","1.2","1936.8","79.2","0.0","17.64"
"male","28","2","0","165","50.0","1396.25","209.44","83.78","55.85","1675.5","1.2","1675.5","40.0","0.0","43.78"
"female","29","3","3","157","68.0","1355.25","292.23","116.89","77.93","2337.81","1.73","2344.58","54.4","-6.77","62.49"
"male","25","3","4","165","80.0","1711.25","406.42","162.57","108.38","3251.38","1.9","3251.38","64.0","0.0","98.57"
"female","22","3","0","145","65.0","1285.25","192.79","77.11","51.41","1542.3","1.2","1542.3","52.0","0.0","25.11"
"male","25","3","0","160","41.0","1290.0","193.5","77.4","51.6","1548.0","1.2","1548.0","32.8","0.0","44.6"
"female","49","3","1","165","47.0","1095.25","188.25","75.3","50.2","1505.97","1.38","1511.45","37.6","-5.48","37.7"
"female","31","2","0","155","77.0","1422.75","213.41","85.36","56.91","1707.3","1.2","1707.3","61.6","0.0","23.76"
"male","25","2","2","163","75.0","1648.75","319.44","127.78","85.18","2555.56","1.55","2555.56","60.0","0.0","67.78"
"male","27","4","4","170","48.0","1412.5","335.47","134.19","89.46","2683.75","1.9","2683.75","38.4","0.0","95.79"
"male","22","2","1","175","120.0","2188.75","376.19","150.48","100.32","3009.53","1.38","3020.48","96.0","-10.95","54.48"
"female","22","3","1","163","56.0","1307.75","224.77","89.91","59.94","1798.16","1.38","1804.7","44.8","-6.54","45.11"
"male","30","3","0","175","128.0","2228.75","334.31","133.72","89.15","2674.5","1.2","2674.5","102.4","0.0","31.32"
"female","25","4","0","152","93.0","1594.0","239.1","95.64","63.76","1912.8","1.2","1912.8","74.4","0.0","21.24"
"female","22","3","1","163","85.0","1597.75","274.61","109.84","73.23","2196.9","1.38","2204.9","68.0","-8.0","41.84"
"female","26","2","3","165","70.0","1440.25","310.55","124.22","82.81","2484.43","1.73","2491.63","56.0","-7.2","68.22"
"male","23","3","0","165","85.0","1771.25","265.69","106.28","70.85","2125.5","1.2","2125.5","68.0","0.0","38.28"
"male","23","3","1","175","78.0","1763.75","303.14","121.26","80.84","2425.16","1.38","2433.98","62.4","-8.82","58.86"
"female","15","3","2","163","52.0","1302.75","252.41","100.96","67.31","2019.26","1.55","2019.26","41.6","0.0","59.36"
"female","43","2","1","135","77.0","1237.75","212.74","85.1","56.73","1701.9","1.38","1708.09","61.6","-6.19","23.5"
"female","35","4","2","165","70.0","1395.25","270.33","108.13","72.09","2162.64","1.55","2162.64","56.0","0.0","52.13"
"male","25","3","0","163","110.0","1998.75","299.81","119.92","79.95","2398.5","1.2","2398.5","88.0","0.0","31.92"
"female","21","2","0","165","69.0","1455.25","218.29","87.32","58.21","1746.3","1.2","1746.3","55.2","0.0","32.12"
"male","25","3","0","157","102.0","1881.25","282.19","112.88","75.25","2257.5","1.2","2257.5","81.6","0.0","31.28"
"female","21","3","0","155","80.0","1502.75","225.41","90.16","60.11","1803.3","1.2","1803.3","64.0","0.0","26.16"
"male","25","4","3","165","65.0","1561.25","336.64","134.66","89.77","2693.16","1.73","2700.96","52.0","-7.8","82.66"
"male","25","3","0","165","117.0","2081.25","312.19","124.88","83.25","2497.5","1.2","2497.5","93.6","0.0","31.28"
"male","30","4","0","157","89.0","1726.25","258.94","103.58","69.05","2071.5","1.2","2071.5","71.2","0.0","32.38"
"male","28","4","0","157","94.0","1786.25","267.94","107.18","71.45","2143.5","1.2","2143.5","75.2","0.0","31.98"
"male","24","3","0","155","112.0","1973.75","296.06","118.42","78.95","2368.5","1.2","2368.5","89.6","0.0","28.82"
"female","26","3","2","168","65.0","1409.0","272.99","109.2","72.8","2183.95","1.55","2183.95","52.0","0.0","57.2"
"male","24","2","0","165","91.0","1826.25","273.94","109.58","73.05","2191.5","1.2","2191.5","72.8","0.0","36.78"
"male","33","3","0","165","50.0","1371.25","205.69","82.28","54.85","1645.5","1.2","1645.5","40.0","0.0","42.28"
"male","20","2","0","155","43.0","1303.75","195.56","78.22","52.15","1564.5","1.2","1564.5","34.4","0.0","43.82"
"female","26","3","0","142","95.0","1546.5","231.98","92.79","61.86","1855.8","1.2","1855.8","76.0","0.0","16.79"
"female","21","3","2","152","43.0","1114.0","215.84","86.34","57.56","1726.7","1.55","1726.7","34.4","0.0","51.94"
"female","20","2","1","147","36.0","1017.75","174.93","69.97","46.65","1399.41","1.38","1404.5","28.8","-5.09","41.17"
"male","24","3","0","165","119.0","2106.25","315.94","126.38","84.25","2527.5","1.2","2527.5","95.2","0.0","31.18"
"female","32","3","0","163","46.0","1157.75","173.66","69.46","46.31","1389.3","1.2","1389.3","36.8","0.0","32.66"
"male","65","3","4","165","67.0","1381.25","328.05","131.22","87.48","2624.38","1.9","2624.38","53.6","0.0","77.62"
"male","24","3","0","165","47.0","1386.25","207.94","83.18","55.45","1663.5","1.2","1663.5","37.6","0.0","45.58"
"male","53","3","0","160","85.0","1590.0","238.5","95.4","63.6","1908.0","1.2","1908.0","68.0","0.0","27.4"
"male","23","4","2","178","90.0","1902.5","368.61","147.44","98.3","2948.88","1.55","2948.88","72.0","0.0","75.44"
"female","22","4","0","155","85.0","1547.75","232.16","92.86","61.91","1857.3","1.2","1857.3","68.0","0.0","24.86"
"female","32","2","0","145","63.0","1215.25","182.29","72.92","48.61","1458.3","1.2","1458.3","50.4","0.0","22.52"
"female","38","3","0","155","75.0","1367.75","205.16","82.06","54.71","1641.3","1.2","1641.3","60.0","0.0","22.06"
"male","25","3","0","165","112.0","2031.25","304.69","121.88","81.25","2437.5","1.2","2437.5","89.6","0.0","32.28"
"female","20","3","0","145","71.0","1355.25","203.29","81.32","54.21","1626.3","1.2","1626.3","56.8","0.0","24.52"
"male","27","3","2","168","63.0","1550.0","300.31","120.12","80.08","2402.5","1.55","2402.5","50.4","0.0","69.72"
"female","23","3","0","168","46.0","1234.0","185.1","74.04","49.36","1480.8","1.2","1480.8","36.8","0.0","37.24"
"male","24","2","0","163","45.0","1353.75","203.06","81.22","54.15","1624.5","1.2","1624.5","36.0","0.0","45.22"
"male","25","3","2","170","80.0","1742.5","337.61","135.04","90.03","2700.87","1.55","2700.88","64.0","-0.01","71.04"
"male","22","3","1","180","80.0","1820.0","312.81","125.12","83.42","2502.5","1.38","2511.6","64.0","-9.1","61.12"
"male","24","3","0","178","92.0","1917.5","287.62","115.05","76.7","2301.0","1.2","2301.0","73.6","0.0","41.45"
"female","24","3","2","160","60.0","1319.0","255.56","102.22","68.15","2044.45","1.55","2044.45","48.0","0.0","54.22"
"male","22","3","0","173","51.0","1486.25","222.94","89.18","59.45","1783.5","1.2","1783.5","40.8","0.0","48.38"
"female","21","3","3","155","57.0","1272.75","274.44","109.78","73.18","2195.5","1.73","2201.86","45.6","-6.36","64.18"
"female","40","3","1","173","67.0","1390.25","238.95","95.58","63.72","1911.6","1.38","1918.54","53.6","-6.94","41.98"
"male","22","2","0","163","82.0","1733.75","260.06","104.02","69.35","2080.5","1.2","2080.5","65.6","0.0","38.42"
"male","22","3","0","157","114.0","2016.25","302.44","120.98","80.65","2419.5","1.2","2419.5","91.2","0.0","29.78"
"male","22","3","0","175","78.0","1768.75","265.31","106.12","70.75","2122.5","1.2","2122.5","62.4","0.0","43.72"
"male","50","3","0","163","60.0","1373.75","206.06","82.42","54.95","1648.5","1.2","1648.5","48.0","0.0","34.42"
"female","21","3","0","163","45.0","1202.75","180.41","72.17","48.11","1443.3","1.2","1443.3","36.0","0.0","36.17"
"female","22","3","0","168","49.0","1269.0","190.35","76.14","50.76","1522.8","1.2","1522.8","39.2","0.0","36.94"
"female","21","2","0","163","65.0","1402.75","210.41","84.16","56.11","1683.3","1.2","1683.3","52.0","0.0","32.16"
"female","26","3","1","160","46.0","1169.0","200.92","80.37","53.58","1607.38","1.38","1613.22","36.8","-5.84","43.57"
"female","25","3","0","145","90.0","1520.25","228.04","91.22","60.81","1824.3","1.2","1824.3","72.0","0.0","19.22"
"male","25","3","0","168","40.0","1330.0","199.5","79.8","53.2","1596.0","1.2","1596.0","32.0","0.0","47.8"
"male","28","3","1","178","126.0","2237.5","384.57","153.83","102.55","3076.56","1.38","3087.75","100.8","-11.19","53.03"
"male","30","2","0","168","47.0","1375.0","206.25","82.5","55.0","1650.0","1.2","1650.0","37.6","0.0","44.9"
"male","24","3","0","165","98.0","1896.25","284.44","113.78","75.85","2275.5","1.2","2275.5","78.4","0.0","35.38"
"male","23","3","0","165","45.0","1371.25","205.69","82.28","54.85","1645.5","1.2","1645.5","36.0","0.0","46.28"
"male","24","3","0","157","100.0","1866.25","279.94","111.98","74.65","2239.5","1.2","2239.5","80.0","0.0","31.98"
"male","22","3","0","173","86.0","1836.25","275.44","110.18","73.45","2203.5","1.2","2203.5","68.8","0.0","41.38"
"male","46","3","0","170","53.0","1367.5","205.12","82.05","54.7","1641.0","1.2","1641.0","42.4","0.0","39.65"
"male","25","3","0","157","103.0","1891.25","283.69","113.48","75.65","2269.5","1.2","2269.5","82.4","0.0","31.08"
"female","32","3","0","152","40.0","1029.0","154.35","61.74","41.16","1234.8","1.2","1234.8","32.0","0.0","29.74"
"male","23","2","0","165","65.0","1571.25","235.69","94.28","62.85","1885.5","1.2","1885.5","52.0","0.0","42.28"
"female","37","3","0","157","79.0","1425.25","213.79","85.52","57.01","1710.3","1.2","1710.3","63.2","0.0","22.32"
"male","25","3","0","173","63.0","1591.25","238.69","95.48","63.65","1909.5","1.2","1909.5","50.4","0.0","45.08"
"male","27","3","0","170","98.0","1912.5","286.88","114.75","76.5","2295.0","1.2","2295.0","78.4","0.0","36.35"
"female","22","3","0","157","48.0","1190.25","178.54","71.42","47.61","1428.3","1.2","1428.3","38.4","0.0","33.02"
"male","22","2","1","145","69.0","1491.25","256.31","102.52","68.35","2050.47","1.38","2057.92","55.2","-7.45","47.32"
"female","22","3","0","168","73.0","1509.0","226.35","90.54","60.36","1810.8","1.2","1810.8","58.4","0.0","32.14"
"male","23","3","1","160","85.0","1740.0","299.06","119.62","79.75","2392.5","1.38","2401.2","68.0","-8.7","51.62"
"female","29","3","0","152","77.0","1414.0","212.1","84.84","56.56","1696.8","1.2","1696.8","61.6","0.0","23.24"
"male","28","2","0","165","50.0","1396.25","209.44","83.78","55.85","1675.5","1.2","1675.5","40.0","0.0","43.78"
"male","23","3","0","178","87.0","1872.5","280.88","112.35","74.9","2247.0","1.2","2247.0","69.6","0.0","42.75"
"male","23","4","4","180","89.0","1905.0","452.44","180.98","120.65","3619.5","1.9","3619.5","71.2","0.0","109.78"
"male","21","2","0","168","55.0","1500.0","225.0","90.0","60.0","1800.0","1.2","1800.0","44.0","0.0","46.0"
"male","22","2","0","170","99.0","1947.5","292.12","116.85","77.9","2337.0","1.2","2337.0","79.2","0.0","37.65"
"male","24","3","0","170","99.0","1937.5","290.62","116.25","77.5","2325.0","1.2","2325.0","79.2","0.0","37.05"
"male","23","2","0","165","50.0","1421.25","213.19","85.28","56.85","1705.5","1.2","1705.5","40.0","0.0","45.28"
"female","38","3","0","137","91.0","1415.25","212.29","84.92","56.61","1698.3","1.2","1698.3","72.8","0.0","12.12"
"male","22","3","0","168","45.0","1395.0","209.25","83.7","55.8","1674.0","1.2","1674.0","36.0","0.0","47.7"
"male","22","3","0","173","70.0","1676.25","251.44","100.58","67.05","2011.5","1.2","2011.5","56.0","0.0","44.58"
"female","22","3","4","152","47.0","1149.0","272.89","109.16","72.77","2183.1","1.9","2183.1","37.6","0.0","71.56"
"male","28","3","0","168","72.0","1635.0","245.25","98.1","65.4","1962.0","1.2","1962.0","57.6","0.0","40.5"
"male","20","4","0","178","84.0","1857.5","278.62","111.45","74.3","2229.0","1.2","2229.0","67.2","0.0","44.25"
"male","30","3","1","168","85.0","1755.0","301.64","120.66","80.44","2413.13","1.38","2421.9","68.0","-8.77","52.66"
"female","27","3","0","163","70.0","1422.75","213.41","85.36","56.91","1707.3","1.2","1707.3","56.0","0.0","29.36"
"male","29","2","0","163","45.0","1328.75","199.31","79.72","53.15","1594.5","1.2","1594.5","36.0","0.0","43.72"
"male","24","2","0","165","75.0","1666.25","249.94","99.98","66.65","1999.5","1.2","1999.5","60.0","0.0","39.98"
"male","24","3","0","163","43.0","1333.75","200.06","80.03","53.35","1600.5","1.2","1600.5","34.4","0.0","45.63"
"female","27","3","0","145","95.0","1560.25","234.04","93.62","62.41","1872.3","1.2","1872.3","76.0","0.0","17.62"
"male","23","3","0","173","62.0","1591.25","238.69","95.48","63.65","1909.5","1.2","1909.5","49.6","0.0","45.88"
"male","23","2","0","160","76.0","1650.0","247.5","99.0","66.0","1980.0","1.2","1980.0","60.8","0.0","38.2"
"male","25","4","0","163","97.0","1868.75","280.31","112.12","74.75","2242.5","1.2","2242.5","77.6","0.0","34.52"
"male","29","2","0","168","91.0","1820.0","273.0","109.2","72.8","2184.0","1.2","2184.0","72.8","0.0","36.4"
"female","23","2","0","155","42.0","1112.75","166.91","66.76","44.51","1335.3","1.2","1335.3","33.6","0.0","33.16"
"male","27","3","0","170","78.0","1712.5","256.88","102.75","68.5","2055.0","1.2","2055.0","62.4","0.0","40.35"
"male","23","2","1","163","79.0","1698.75","291.97","116.79","77.86","2335.78","1.38","2344.27","63.2","-8.49","53.59"
"female","33","2","0","155","69.0","1332.75","199.91","79.96","53.31","1599.3","1.2","1599.3","55.2","0.0","24.76"
"male","22","2","0","180","65.0","1670.0","250.5","100.2","66.8","2004.0","1.2","2004.0","52.0","0.0","48.2"
"male","43","3","4","175","90.0","1783.75","423.64","169.46","112.97","3389.13","1.9","3389.13","72.0","0.0","97.46"
"female","22","3","0","170","73.0","1521.5","228.22","91.29","60.86","1825.8","1.2","1825.8","58.4","0.0","32.89"
"male","23","3","1","173","55.0","1521.25","261.46","104.59","69.72","2091.72","1.38","2099.33","44.0","-7.61","60.59"
"female","45","2","0","155","65.0","1232.75","184.91","73.96","49.31","1479.3","1.2","1479.3","52.0","0.0","21.96"
"male","24","3","0","163","45.0","1353.75","203.06","81.22","54.15","1624.5","1.2","1624.5","36.0","0.0","45.22"
"male","24","3","0","163","109.0","1993.75","299.06","119.62","79.75","2392.5","1.2","2392.5","87.2","0.0","32.42"
"female","20","3","1","157","52.0","1240.25","213.17","85.27","56.84","1705.34","1.38","1711.54","41.6","-6.2","43.67"
"male","21","3","0","175","71.0","1703.75","255.56","102.22","68.15","2044.5","1.2","2044.5","56.8","0.0","45.42"
"male","22","4","0","175","115.0","2138.75","320.81","128.32","85.55","2566.5","1.2","2566.5","92.0","0.0","36.32"
"female","35","3","0","130","68.0","1156.5","173.48","69.39","46.26","1387.8","1.2","1387.8","54.4","0.0","14.99"
"female","25","3","0","152","93.0","1594.0","239.1","95.64","63.76","1912.8","1.2","1912.8","74.4","0.0","21.24"
"male","24","3","0","163","115.0","2053.75","308.06","123.22","82.15","2464.5","1.2","2464.5","92.0","0.0","31.22"
"male","19","3","0","152","94.0","1800.0","270.0","108.0","72.0","2160.0","1.2","2160.0","75.2","0.0","32.8"
"male","22","2","0","168","70.0","1645.0","246.75","98.7","65.8","1974.0","1.2","1974.0","56.0","0.0","42.7"
"male","23","3","0","160","40.0","1290.0","193.5","77.4","51.6","1548.0","1.2","1548.0","32.0","0.0","45.4"
"male","23","3","0","168","119.0","2130.0","319.5","127.8","85.2","2556.0","1.2","2556.0","95.2","0.0","32.6"
"male","25","2","1","165","90.0","1811.25","311.31","124.52","83.02","2490.47","1.38","2499.52","72.0","-9.05","52.52"
"female","22","3","0","142","83.0","1446.5","216.98","86.79","57.86","1735.8","1.2","1735.8","66.4","0.0","20.39"
"female","28","3","0","145","95.0","1555.25","233.29","93.32","62.21","1866.3","1.2","1866.3","76.0","0.0","17.32"
"female","34","3","3","163","68.0","1367.75","294.92","117.97","78.65","2359.37","1.73","2366.21","54.4","-6.84","63.57"
"female","36","3","0","142","96.0","1506.5","225.98","90.39","60.26","1807.8","1.2","1807.8","76.8","0.0","13.59"
"female","21","3","4","155","48.0","1182.75","280.9","112.36","74.91","2247.22","1.9","2247.23","38.4","-0.01","73.96"
"female","22","2","3","165","65.0","1410.25","304.08","121.63","81.09","2432.68","1.73","2439.73","52.0","-7.05","69.63"
"female","20","2","0","165","70.0","1470.25","220.54","88.22","58.81","1764.3","1.2","1764.3","56.0","0.0","32.22"
"male","17","4","4","170","56.0","1542.5","366.34","146.54","97.69","2930.76","1.9","2930.75","44.8","0.01","101.74"
"female","42","2","0","155","64.0","1237.75","185.66","74.26","49.51","1485.3","1.2","1485.3","51.2","0.0","23.06"
"male","20","4","1","178","67.0","1687.5","290.04","116.02","77.34","2320.32","1.38","2328.75","53.6","-8.43","62.42"
"male","23","3","1","170","92.0","1872.5","321.84","128.73","85.82","2574.69","1.38","2584.05","73.6","-9.36","55.13"
"male","23","2","4","178","72.0","1722.5","409.09","163.64","109.09","3272.76","1.9","3272.75","57.6","0.01","106.04"
"male","28","3","2","173","75.0","1696.25","328.65","131.46","87.64","2629.19","1.55","2629.19","60.0","0.0","71.46"
"female","21","3","1","157","57.0","1285.25","220.9","88.36","58.91","1767.22","1.38","1773.64","45.6","-6.42","42.76"
"male","20","4","0","178","85.0","1867.5","280.12","112.05","74.7","2241.0","1.2","2241.0","68.0","0.0","44.05"
"male","32","3","0","160","118.0","2025.0","303.75","121.5","81.0","2430.0","1.2","2430.0","94.4","0.0","27.1"
"male","25","3","0","163","102.0","1918.75","287.81","115.12","76.75","2302.5","1.2","2302.5","81.6","0.0","33.52"
"female","43","2","0","165","87.0","1525.25","228.79","91.52","61.01","1830.3","1.2","1830.3","69.6","0.0","21.92"
"male","24","3","2","175","85.0","1828.75","354.32","141.73","94.48","2834.56","1.55","2834.56","68.0","0.0","73.73"
"male","20","3","0","168","51.0","1465.0","219.75","87.9","58.6","1758.0","1.2","1758.0","40.8","0.0","47.1"
"female","18","3","0","165","85.0","1630.25","244.54","97.82","65.21","1956.3","1.2","1956.3","68.0","0.0","29.82"
"male","23","2","0","183","99.0","2023.75","303.56","121.42","80.95","2428.5","1.2","2428.5","79.2","0.0","42.22"
"male","23","3","2","178","63.0","1632.5","316.3","126.52","84.35","2530.38","1.55","2530.38","50.4","0.0","76.12"
"male","37","3","0","157","102.0","1821.25","273.19","109.28","72.85","2185.5","1.2","2185.5","81.6","0.0","27.68"
"male","20","3","0","170","45.0","1417.5","212.62","85.05","56.7","1701.0","1.2","1701.0","36.0","0.0","49.05"
"male","23","2","3","170","68.0","1632.5","352.01","140.8","93.87","2816.06","1.73","2824.23","54.4","-8.17","86.4"
"female","22","2","0","152","58.0","1259.0","188.85","75.54","50.36","1510.8","1.2","1510.8","46.4","0.0","29.14"
"female","29","4","0","142","80.0","1381.5","207.22","82.89","55.26","1657.8","1.2","1657.8","64.0","0.0","18.89"
"female","22","3","0","157","45.0","1160.25","174.04","69.61","46.41","1392.3","1.2","1392.3","36.0","0.0","33.61"
"female","20","2","0","157","55.0","1270.25","190.54","76.22","50.81","1524.3","1.2","1524.3","44.0","0.0","32.22"
"male","25","2","1","165","90.0","1811.25","311.31","124.52","83.02","2490.47","1.38","2499.52","72.0","-9.05","52.52"
"male","19","2","1","160","69.0","1600.0","275.0","110.0","73.33","2200.0","1.38","2208.0","55.2","-8.0","54.8"
"female","22","2","0","152","58.0","1259.0","188.85","75.54","50.36","1510.8","1.2","1510.8","46.4","0.0","29.14"
"female","24","4","0","157","90.0","1600.25","240.04","96.02","64.01","1920.3","1.2","1920.3","72.0","0.0","24.02"
"female","25","4","0","168","64.0","1404.0","210.6","84.24","56.16","1684.8","1.2","1684.8","51.2","0.0","33.04"
"male","24","3","0","180","94.0","1950.0","292.5","117.0","78.0","2340.0","1.2","2340.0","75.2","0.0","41.8"
"male","58","4","0","155","88.0","1563.75","234.56","93.82","62.55","1876.5","1.2","1876.5","70.4","0.0","23.42"
"male","23","3","0","173","93.0","1901.25","285.19","114.08","76.05","2281.5","1.2","2281.5","74.4","0.0","39.68"
"male","21","3","0","168","45.0","1400.0","210.0","84.0","56.0","1680.0","1.2","1680.0","36.0","0.0","48.0"
"male","24","3","0","165","45.0","1366.25","204.94","81.98","54.65","1639.5","1.2","1639.5","36.0","0.0","45.98"
"male","20","3","0","173","98.0","1966.25","294.94","117.98","78.65","2359.5","1.2","2359.5","78.4","0.0","39.58"
"male","22","2","2","173","80.0","1776.25","344.15","137.66","91.77","2753.18","1.55","2753.19","64.0","-0.01","73.66"
"male","22","2","4","180","86.0","1880.0","446.5","178.6","119.07","3572.0","1.9","3572.0","68.8","0.0","109.8"
"male","25","3","0","168","49.0","1420.0","213.0","85.2","56.8","1704.0","1.2","1704.0","39.2","0.0","46.0"
"male","20","2","1","165","80.0","1736.25","298.42","119.37","79.58","2387.34","1.38","2396.02","64.0","-8.68","55.37"
"male","23","3","0","175","126.0","2243.75","336.56","134.62","89.75","2692.5","1.2","2692.5","100.8","0.0","33.82"
"male","18","3","0","155","99.0","1873.75","281.06","112.42","74.95","2248.5","1.2","2248.5","79.2","0.0","33.22"
"female","15","4","0","155","56.0","1292.75","193.91","77.56","51.71","1551.3","1.2","1551.3","44.8","0.0","32.76"
"male","20","4","0","160","97.0","1875.0","281.25","112.5","75.0","2250.0","1.2","2250.0","77.6","0.0","34.9"
"male","25","3","1","175","70.0","1673.75","287.68","115.07","76.71","2301.41","1.38","2309.77","56.0","-8.36","59.07"
"male","23","3","0","168","50.0","1440.0","216.0","86.4","57.6","1728.0","1.2","1728.0","40.0","0.0","46.4"
"male","25","3","0","170","103.0","1972.5","295.88","118.35","78.9","2367.0","1.2","2367.0","82.4","0.0","35.95"
"male","23","3","0","163","112.0","2028.75","304.31","121.72","81.15","2434.5","1.2","2434.5","89.6","0.0","32.12"
"male","30","3","1","175","96.0","1908.75","328.07","131.23","87.48","2624.53","1.38","2634.08","76.8","-9.55","54.43"
"male","33","3","1","178","95.0","1902.5","326.99","130.8","87.2","2615.94","1.38","2625.45","76.0","-9.51","54.8"
"female","47","2","0","140","54.0","1019.0","152.85","61.14","40.76","1222.8","1.2","1222.8","43.2","0.0","17.94"
"male","30","3","0","173","50.0","1436.25","215.44","86.18","57.45","1723.5","1.2","1723.5","40.0","0.0","46.18"
"male","30","3","0","175","115.0","2098.75","314.81","125.92","83.95","2518.5","1.2","2518.5","92.0","0.0","33.92"
"male","28","3","0","170","50.0","1427.5","214.12","85.65","57.1","1713.0","1.2","1713.0","40.0","0.0","45.65"
"female","22","3","0","157","40.0","1110.25","166.54","66.61","44.41","1332.3","1.2","1332.3","32.0","0.0","34.61"
"female","24","3","0","163","42.0","1157.75","173.66","69.46","46.31","1389.3","1.2","1389.3","33.6","0.0","35.86"
"female","24","2","0","155","60.0","1287.75","193.16","77.26","51.51","1545.3","1.2","1545.3","48.0","0.0","29.26"
"female","29","3","0","157","99.0","1665.25","249.79","99.92","66.61","1998.3","1.2","1998.3","79.2","0.0","20.72"
"male","22","4","4","183","69.0","1728.75","410.58","164.23","109.49","3284.63","1.9","3284.63","55.2","0.0","109.03"
"female","19","3","0","168","45.0","1244.0","186.6","74.64","49.76","1492.8","1.2","1492.8","36.0","0.0","38.64"
"male","23","2","4","168","66.0","1600.0","380.0","152.0","101.33","3040.0","1.9","3040.0","52.8","0.0","99.2"
"male","21","2","3","183","69.0","1733.75","373.84","149.54","99.69","2990.72","1.73","2999.39","55.2","-8.67","94.34"
"male","23","3","1","165","86.0","1781.25","306.15","122.46","81.64","2449.22","1.38","2458.13","68.8","-8.91","53.66"
"male","44","2","2","180","86.0","1770.0","342.94","137.18","91.45","2743.5","1.55","2743.5","68.8","0.0","68.38"
"male","27","2","0","157","67.0","1521.25","228.19","91.28","60.85","1825.5","1.2","1825.5","53.6","0.0","37.68"
"female","34","3","0","160","45.0","1119.0","167.85","67.14","44.76","1342.8","1.2","1342.8","36.0","0.0","31.14"
"male","23","2","0","175","73.0","1713.75","257.06","102.82","68.55","2056.5","1.2","2056.5","58.4","0.0","44.42"
"female","60","3","0","157","79.0","1310.25","196.54","78.61","52.41","1572.3","1.2","1572.3","63.2","0.0","15.41"
"female","25","3","4","160","67.0","1384.0","328.7","131.48","87.65","2629.6","1.9","2629.6","53.6","0.0","77.88"
"male","22","3","1","188","78.0","1850.0","317.97","127.19","84.79","2543.76","1.38","2553.0","62.4","-9.24","64.79"
"female","21","3","2","155","57.0","1272.75","246.6","98.64","65.76","1972.76","1.55","1972.76","45.6","0.0","53.04"
"male","45","3","1","170","68.0","1522.5","261.68","104.67","69.78","2093.44","1.38","2101.05","54.4","-7.61","50.27"
"female","20","3","1","155","92.0","1627.75","279.77","111.91","74.6","2238.16","1.38","2246.29","73.6","-8.13","38.31"
"male","37","3","0","152","91.0","1680.0","252.0","100.8","67.2","2016.0","1.2","2016.0","72.8","0.0","28.0"
"female","19","3","3","152","49.0","1184.0","255.3","102.12","68.08","2042.4","1.73","2048.32","39.2","-5.92","62.92"
"female","26","3","0","168","49.0","1249.0","187.35","74.94","49.96","1498.8","1.2","1498.8","39.2","0.0","35.74"
"female","22","2","0","152","76.0","1439.0","215.85","86.34","57.56","1726.8","1.2","1726.8","60.8","0.0","25.54"
"male","23","3","2","165","75.0","1671.25","323.8","129.52","86.35","2590.44","1.55","2590.44","60.0","0.0","69.52"
"female","25","2","0","152","75.0","1414.0","212.1","84.84","56.56","1696.8","1.2","1696.8","60.0","0.0","24.84"
"female","24","3","0","152","95.0","1619.0","242.85","97.14","64.76","1942.8","1.2","1942.8","76.0","0.0","21.14"
"male","22","3","4","170","57.0","1527.5","362.78","145.11","96.74","2902.25","1.9","2902.25","45.6","0.0","99.51"
"male","23","3","0","165","53.0","1451.25","217.69","87.08","58.05","1741.5","1.2","1741.5","42.4","0.0","44.68"
"female","27","4","0","160","96.0","1664.0","249.6","99.84","66.56","1996.8","1.2","1996.8","76.8","0.0","23.04"
"female","42","3","0","155","99.0","1587.75","238.16","95.26","63.51","1905.3","1.2","1905.3","79.2","0.0","16.06"
"female","42","4","0","137","72.0","1205.25","180.79","72.32","48.21","1446.3","1.2","1446.3","57.6","0.0","14.72"
"male","18","2","0","163","54.0","1473.75","221.06","88.42","58.95","1768.5","1.2","1768.5","43.2","0.0","45.22"
"female","20","3","0","168","70.0","1489.0","223.35","89.34","59.56","1786.8","1.2","1786.8","56.0","0.0","33.34"
"male","24","4","3","175","70.0","1678.75","361.98","144.79","96.53","2895.84","1.73","2904.24","56.0","-8.4","88.79"
"female","39","3","0","160","41.0","1054.0","158.1","63.24","42.16","1264.8","1.2","1264.8","32.8","0.0","30.44"
"male","15","4","1","168","62.0","1600.0","275.0","110.0","73.33","2200.0","1.38","2208.0","49.6","-8.0","60.4"
"female","39","2","0","163","80.0","1462.75","219.41","87.76","58.51","1755.3","1.2","1755.3","64.0","0.0","23.76"
"female","31","3","0","175","83.0","1607.75","241.16","96.46","64.31","1929.3","1.2","1929.3","66.4","0.0","30.06"
"female","20","3","0","163","47.0","1227.75","184.16","73.67","49.11","1473.3","1.2","1473.3","37.6","0.0","36.07"
"male","25","2","0","160","69.0","1570.0","235.5","94.2","62.8","1884.0","1.2","1884.0","55.2","0.0","39.0"
"female","26","3","0","168","45.0","1209.0","181.35","72.54","48.36","1450.8","1.2","1450.8","36.0","0.0","36.54"
"male","34","4","0","155","88.0","1683.75","252.56","101.02","67.35","2020.5","1.2","2020.5","70.4","0.0","30.62"
"female","22","3","0","155","45.0","1147.75","172.16","68.86","45.91","1377.3","1.2","1377.3","36.0","0.0","32.86"
"female","40","3","0","152","82.0","1409.0","211.35","84.54","56.36","1690.8","1.2","1690.8","65.6","0.0","18.94"
"male","27","2","0","168","98.0","1900.0","285.0","114.0","76.0","2280.0","1.2","2280.0","78.4","0.0","35.6"
"female","34","4","0","122","43.0","861.5","129.22","51.69","34.46","1033.8","1.2","1033.8","34.4","0.0","17.29"
"male","55","3","0","165","77.0","1531.25","229.69","91.88","61.25","1837.5","1.2","1837.5","61.6","0.0","30.28"
"female","20","3","3","163","55.0","1307.75","281.98","112.79","75.2","2255.87","1.73","2262.41","44.0","-6.54","68.79"
"male","24","3","0","173","55.0","1516.25","227.44","90.98","60.65","1819.5","1.2","1819.5","44.0","0.0","46.98"
"male","44","4","0","165","103.0","1846.25","276.94","110.78","73.85","2215.5","1.2","2215.5","82.4","0.0","28.38"
"female","20","3","0","152","65.0","1339.0","200.85","80.34","53.56","1606.8","1.2","1606.8","52.0","0.0","28.34"
"female","26","2","0","140","55.0","1134.0","170.1","68.04","45.36","1360.8","1.2","1360.8","44.0","0.0","24.04"
"male","25","3","0","173","95.0","1911.25","286.69","114.68","76.45","2293.5","1.2","2293.5","76.0","0.0","38.68"
"male","56","3","0","173","53.0","1336.25","200.44","80.18","53.45","1603.5","1.2","1603.5","42.4","0.0","37.78"
"male","21","2","0","170","66.0","1622.5","243.38","97.35","64.9","1947.0","1.2","1947.0","52.8","0.0","44.55"
"male","22","3","1","183","78.0","1818.75","312.6","125.04","83.36","2500.78","1.38","2509.88","62.4","-9.1","62.64"
"male","22","3","0","178","50.0","1507.5","226.12","90.45","60.3","1809.0","1.2","1809.0","40.0","0.0","50.45"
"female","21","2","2","160","64.0","1374.0","266.21","106.48","70.99","2129.7","1.55","2129.7","51.2","0.0","55.28"
"female","21","3","0","165","90.0","1665.25","249.79","99.92","66.61","1998.3","1.2","1998.3","72.0","0.0","27.92"
"female","22","3","0","160","70.0","1429.0","214.35","85.74","57.16","1714.8","1.2","1714.8","56.0","0.0","29.74"
"male","46","4","0","173","107.0","1926.25","288.94","115.58","77.05","2311.5","1.2","2311.5","85.6","0.0","29.98"
"male","23","4","0","175","69.0","1673.75","251.06","100.42","66.95","2008.5","1.2","2008.5","55.2","0.0","45.22"
"male","23","3","0","155","103.0","1888.75","283.31","113.32","75.55","2266.5","1.2","2266.5","82.4","0.0","30.92"
"male","25","3","0","165","47.0","1381.25","207.19","82.88","55.25","1657.5","1.2","1657.5","37.6","0.0","45.28"
"female","27","3","0","157","45.0","1135.25","170.29","68.11","45.41","1362.3","1.2","1362.3","36.0","0.0","32.11"
"male","33","3","0","168","51.0","1400.0","210.0","84.0","56.0","1680.0","1.2","1680.0","40.8","0.0","43.2"
"female","32","3","0","160","47.0","1149.0","172.35","68.94","45.96","1378.8","1.2","1378.8","37.6","0.0","31.34"
"female","22","3","0","145","94.0","1575.25","236.29","94.52","63.01","1890.3","1.2","1890.3","75.2","0.0","19.32"
"male","23","2","1","185","96.0","2006.25","344.82","137.93","91.95","2758.59","1.38","2768.63","76.8","-10.04","61.13"
"female","26","3","0","163","45.0","1177.75","176.66","70.67","47.11","1413.3","1.2","1413.3","36.0","0.0","34.67"
"male","21","3","1","157","70.0","1581.25","271.78","108.71","72.47","2174.22","1.38","2182.13","56.0","-7.91","52.71"
"female","18","3","0","155","79.0","1507.75","226.16","90.46","60.31","1809.3","1.2","1809.3","63.2","0.0","27.26"
"male","24","2","0","168","94.0","1875.0","281.25","112.5","75.0","2250.0","1.2","2250.0","75.2","0.0","37.3"
"female","30","3","0","157","100.0","1670.25","250.54","100.22","66.81","2004.3","1.2","2004.3","80.0","0.0","20.22"
"male","25","3","0","165","45.0","1361.25","204.19","81.68","54.45","1633.5","1.2","1633.5","36.0","0.0","45.68"
"female","47","4","0","142","75.0","1241.5","186.22","74.49","49.66","1489.8","1.2","1489.8","60.0","0.0","14.49"
"female","29","4","0","152","90.0","1544.0","231.6","92.64","61.76","1852.8","1.2","1852.8","72.0","0.0","20.64"
"female","28","4","0","155","89.0","1557.75","233.66","93.46","62.31","1869.3","1.2","1869.3","71.2","0.0","22.26"
"male","23","2","1","163","62.0","1528.75","262.75","105.1","70.07","2102.04","1.38","2109.67","49.6","-7.63","55.5"
"female","19","3","0","157","76.0","1485.25","222.79","89.12","59.41","1782.3","1.2","1782.3","60.8","0.0","28.32"
"male","22","3","0","173","52.0","1496.25","224.44","89.78","59.85","1795.5","1.2","1795.5","41.6","0.0","48.18"
"male","39","3","0","168","50.0","1360.0","204.0","81.6","54.4","1632.0","1.2","1632.0","40.0","0.0","41.6"
"male","38","4","0","168","108.0","1945.0","291.75","116.7","77.8","2334.0","1.2","2334.0","86.4","0.0","30.3"
"male","20","3","1","168","78.0","1735.0","298.2","119.28","79.52","2385.62","1.38","2394.3","62.4","-8.68","56.88"
"female","26","2","1","152","70.0","1359.0","233.58","93.43","62.29","1868.62","1.38","1875.42","56.0","-6.8","37.43"
"male","22","3","2","173","74.0","1716.25","332.52","133.01","88.67","2660.18","1.55","2660.19","59.2","-0.01","73.81"
"male","21","2","0","165","53.0","1461.25","219.19","87.68","58.45","1753.5","1.2","1753.5","42.4","0.0","45.28"
"male","28","2","0","160","69.0","1555.0","233.25","93.3","62.2","1866.0","1.2","1866.0","55.2","0.0","38.1"
"male","22","3","2","168","57.0","1515.0","293.53","117.41","78.28","2348.25","1.55","2348.25","45.6","0.0","71.81"
"female","20","2","2","165","76.0","1530.25","296.49","118.59","79.06","2371.89","1.55","2371.89","60.8","0.0","57.79"
"female","18","3","0","152","94.0","1639.0","245.85","98.34","65.56","1966.8","1.2","1966.8","75.2","0.0","23.14"
"male","23","3","0","173","59.0","1561.25","234.19","93.68","62.45","1873.5","1.2","1873.5","47.2","0.0","46.48"
"female","42","3","0","163","69.0","1337.75","200.66","80.26","53.51","1605.3","1.2","1605.3","55.2","0.0","25.06"
"female","25","2","1","145","59.0","1210.25","208.01","83.2","55.47","1664.1","1.38","1670.15","47.2","-6.05","36.0"
"male","20","2","2","175","96.0","1958.75","379.51","151.8","101.2","3036.06","1.55","3036.06","76.8","0.0","75.0"
"female","25","2","0","173","57.0","1365.25","204.79","81.92","54.61","1638.3","1.2","1638.3","45.6","0.0","36.32"
"female","21","2","3","155","55.0","1252.75","270.12","108.05","72.03","2160.99","1.73","2167.26","44.0","-6.27","64.05"
"male","24","3","0","168","70.0","1635.0","245.25","98.1","65.4","1962.0","1.2","1962.0","56.0","0.0","42.1"
"female","22","2","1","135","53.0","1102.75","189.54","75.81","50.54","1516.28","1.38","1521.79","42.4","-5.51","33.41"
"male","25","3","0","163","47.0","1368.75","205.31","82.12","54.75","1642.5","1.2","1642.5","37.6","0.0","44.52"
"female","22","2","0","157","56.0","1270.25","190.54","76.22","50.81","1524.3","1.2","1524.3","44.8","0.0","31.42"
"female","24","2","1","163","75.0","1487.75","255.71","102.28","68.19","2045.66","1.38","2053.1","60.0","-7.44","42.28"
"male","30","3","0","173","90.0","1836.25","275.44","110.18","73.45","2203.5","1.2","2203.5","72.0","0.0","38.18"
"male","43","3","2","168","74.0","1580.0","306.12","122.45","81.63","2449.0","1.55","2449.0","59.2","0.0","63.25"
"female","25","2","0","155","75.0","1432.75","214.91","85.96","57.31","1719.3","1.2","1719.3","60.0","0.0","25.96"
"male","21","2","0","165","55.0","1481.25","222.19","88.88","59.25","1777.5","1.2","1777.5","44.0","0.0","44.88"
"female","23","4","0","160","70.0","1424.0","213.6","85.44","56.96","1708.8","1.2","1708.8","56.0","0.0","29.44"
"male","21","2","0","175","71.0","1703.75","255.56","102.22","68.15","2044.5","1.2","2044.5","56.8","0.0","45.42"
"male","23","2","0","165","49.0","1411.25","211.69","84.68","56.45","1693.5","1.2","1693.5","39.2","0.0","45.48"
"female","30","3","0","147","60.0","1207.75","181.16","72.46","48.31","1449.3","1.2","1449.3","48.0","0.0","24.46"
"male","24","3","0","165","74.0","1656.25","248.44","99.38","66.25","1987.5","1.2","1987.5","59.2","0.0","40.18"
"male","30","3","0","157","115.0","1986.25","297.94","119.18","79.45","2383.5","1.2","2383.5","92.0","0.0","27.18"
"male","20","3","0","165","44.0","1376.25","206.44","82.58","55.05","1651.5","1.2","1651.5","35.2","0.0","47.38"
"female","27","3","0","160","97.0","1674.0","251.1","100.44","66.96","2008.8","1.2","2008.8","77.6","0.0","22.84"
"male","22","2","0","185","84.0","1891.25","283.69","113.48","75.65","2269.5","1.2","2269.5","67.2","0.0","46.28"
"male","22","2","1","157","64.0","1516.25","260.6","104.24","69.5","2084.84","1.38","2092.42","51.2","-7.58","53.04"
"female","22","4","0","165","55.0","1310.25","196.54","78.61","52.41","1572.3","1.2","1572.3","44.0","0.0","34.61"
"female","22","3","1","145","86.0","1495.25","257.0","102.8","68.53","2055.96","1.38","2063.44","68.8","-7.48","34.0"
"male","25","2","0","155","80.0","1648.75","247.31","98.92","65.95","1978.5","1.2","1978.5","64.0","0.0","34.92"
"female","28","4","0","152","60.0","1249.0","187.35","74.94","49.96","1498.8","1.2","1498.8","48.0","0.0","26.94"
"female","21","2","4","157","49.0","1205.25","286.25","114.5","76.33","2289.97","1.9","2289.98","39.2","-0.01","75.3"
"female","37","3","0","163","47.0","1142.75","171.41","68.56","45.71","1371.3","1.2","1371.3","37.6","0.0","30.96"
"male","22","3","1","173","101.0","1986.25","341.39","136.56","91.04","2731.09","1.38","2741.02","80.8","-9.93","55.76"
"female","18","3","0","152","49.0","1189.0","178.35","71.34","47.56","1426.8","1.2","1426.8","39.2","0.0","32.14"
"female","47","3","0","140","72.0","1199.0","179.85","71.94","47.96","1438.8","1.2","1438.8","57.6","0.0","14.34"
"male","24","3","0","165","110.0","2016.25","302.44","120.98","80.65","2419.5","1.2","2419.5","88.0","0.0","32.98"
"female","24","3","0","157","45.0","1150.25","172.54","69.02","46.01","1380.3","1.2","1380.3","36.0","0.0","33.02"
"female","25","2","0","157","75.0","1445.25","216.79","86.72","57.81","1734.3","1.2","1734.3","60.0","0.0","26.72"
"female","25","3","0","152","89.0","1554.0","233.1","93.24","62.16","1864.8","1.2","1864.8","71.2","0.0","22.04"
"male","26","3","0","165","50.0","1406.25","210.94","84.38","56.25","1687.5","1.2","1687.5","40.0","0.0","44.38"
"female","26","4","0","155","87.0","1547.75","232.16","92.86","61.91","1857.3","1.2","1857.3","69.6","0.0","23.26"
"female","22","2","0","160","43.0","1159.0","173.85","69.54","46.36","1390.8","1.2","1390.8","34.4","0.0","35.14"
"male","25","2","0","155","40.0","1248.75","187.31","74.92","49.95","1498.5","1.2","1498.5","32.0","0.0","42.92"
"female","22","3","3","170","74.0","1531.5","330.23","132.09","88.06","2641.84","1.73","2649.5","59.2","-7.66","72.89"
"male","21","3","0","168","49.0","1440.0","216.0","86.4","57.6","1728.0","1.2","1728.0","39.2","0.0","47.2"
"male","27","3","0","165","114.0","2041.25","306.19","122.48","81.65","2449.5","1.2","2449.5","91.2","0.0","31.28"
"male","22","4","2","173","85.0","1826.25","353.84","141.53","94.36","2830.68","1.55","2830.69","68.0","-0.01","73.53"
"male","24","3","2","147","69.0","1493.75","289.41","115.77","77.18","2315.31","1.55","2315.31","55.2","0.0","60.57"
"male","24","3","0","165","120.0","2116.25","317.44","126.98","84.65","2539.5","1.2","2539.5","96.0","0.0","30.98"
"female","25","2","0","147","54.0","1172.75","175.91","70.36","46.91","1407.3","1.2","1407.3","43.2","0.0","27.16"
"male","22","2","1","170","65.0","1607.5","276.29","110.52","73.68","2210.31","1.38","2218.35","52.0","-8.04","58.52"
"female","22","3","0","160","96.0","1689.0","253.35","101.34","67.56","2026.8","1.2","2026.8","76.8","0.0","24.54"
"male","27","4","2","170","70.0","1632.5","316.3","126.52","84.35","2530.38","1.55","2530.38","56.0","0.0","70.52"
"female","22","2","0","152","73.0","1409.0","211.35","84.54","56.36","1690.8","1.2","1690.8","58.4","0.0","26.14"
"male","18","3","0","163","41.0","1343.75","201.56","80.62","53.75","1612.5","1.2","1612.5","32.8","0.0","47.82"
"male","22","3","0","160","118.0","2075.0","311.25","124.5","83.0","2490.0","1.2","2490.0","94.4","0.0","30.1"
"male","24","2","4","175","79.0","1768.75","420.08","168.03","112.02","3360.62","1.9","3360.63","63.2","-0.01","104.83"
"male","28","2","0","168","88.0","1795.0","269.25","107.7","71.8","2154.0","1.2","2154.0","70.4","0.0","37.3"
"male","15","2","4","160","49.0","1420.0","337.25","134.9","89.93","2698.0","1.9","2698.0","39.2","0.0","95.7"
